"Slice","AgeGroup","Treatment","Date","Age","Sex","Weight","rSoln","xSoln","Cut.Time","Rig","HP","FirstIO","StimFile","StimMag","Comment","IOf_30","IOf_60","IOf_90","IOf_120","IOf_150","IOf_180","IOf_210","IOf_240","IOf_270","IOf_300","IOt_30","IOt_60","IOt_90","IOt_120","IOt_150","IOt_180","IOt_210","IOt_240","IOt_270","IOt_300","IOe_30","IOe_60","IOe_90","IOe_120","IOe_150","IOe_180","IOe_210","IOe_240","IOe_270","IOe_300"
"P14f-AP5F_2-AP03","PND14","AP5[50uM]","2017_11_09",13,"M",27,"rACSF","rACSF",NA,"Luis",NA,"2017_11_09_1007.atf","2017_11_09_1009.abf",NA,"",0.0548309326204399,0.30373992920358,0.52744610309974,0.65990917682275,0.72245495318872,0.79330761432912,0.81203320025917,0.82962048053636,0.86721813679124,0.8694977998698,NA,NA,NA,NA,NA,NA,NA,NA,NA,NA,0.0451339721686601,0.17380371093686,0.42708587646303,0.58543395996286,0.74232940674133,0.82340393066088,0.90790100097484,0.98002777099299,0.99769439697062,1.003329467774
"P14f-AP5W_1","PND14","AP5[50uM]","2018_01_19",15,"F",40,"rACSF","rACSF",NA,"Scott",NA,"2018_01_19_0003.atf","2018_01_19_0007.abf","0.035","",0.0888671875,0.798004150390625,1.14947509765835,1.39645385742188,1.57382202148438,1.70135498047375,1.80245971679688,1.81893920898438,1.86685180664062,1.9393310546875,NA,NA,NA,NA,NA,NA,NA,NA,NA,NA,0.521270751953125,1.47940063477063,2.36654663086438,3.12612915039563,3.72540283203125,4.12490844726562,4.38449096679688,4.59463500976562,4.76309204101562,4.830566406255
"P14f-AP5W_2","PND14","AP5[50uM]","2018_02_26",15,"F",35,"rACSF","rACSF",NA,"Scott",NA,"2018_02_26_0009.atf","2018_02_26_0016.abf","0.03","Did HFS after LTD",0.10043334961253,0.33895874023558,1.17861938476841,1.49942016601928,1.64337158203293,1.69207763672104,1.79586791992525,1.76116943359589,1.72637939453385,1.74932861328328,0.045501708984375,0.717071533203125,1.279541015625,1.50338745117188,1.69955444336438,1.72238159180188,1.80477905273938,1.76956176758313,1.79928588867188,1.79547119140625,0.902618408201,2.83078002930061,4.86175537109039,6.77960205078221,8.36123657226501,9.58129882809557,10.5890502929431,11.291809082002,11.7685241698938,12.1394348144519
"P14f-AP5W_3","PND14","AP5[50uM]","2018_06_20",14,"F",28.9,"rACSF","rACSF","9:00","Scott",NA,"2018_06_20_0007.atf","2018_06_20_0012.abf","0.05","",NA,NA,NA,NA,NA,NA,NA,NA,NA,NA,0.045501708984375,0.717071533203125,1.279541015625,1.50338745117188,1.69955444336438,1.72238159180188,1.80477905273938,1.76956176758313,1.79928588867188,1.79547119140625,0.10641479491931,0.44772338866855,1.07153320312937,1.33978271484429,1.52120971679769,1.67553710937936,1.69515991211167,1.73107910155891,1.75891113281068,1.82797241210868
"P14f-AP5W_4","PND14","AP5[50uM]","2018_06_21",15,"M",32,"rACSF","rACSF","11:30","Scott",NA,"2018_06_21_0000.atf","2018_06_21_0008.abf","0.06","[25uM] AP5",0.05648803711013,0.21731567382382,0.68072509765625,0.985839843755,1.167236328125,1.3326416015625,1.47525024414563,1.56094360351562,1.66311645507812,1.72494506836438,NA,NA,NA,NA,NA,NA,NA,NA,NA,NA,0.2796630859375,0.807861328125,1.4642333984375,2.40103149414062,3.3365478515675,4.22769165039062,5.44287109375,6.567382812505,6.82058715820812,7.37774658203125
"P14f-AP5W_6","PND14","AP5[50uM]","2018_06_21",15,"M",32,"rACSF","rACSF",NA,"Scott",NA,"2018_06_21_0022.atf","2018_06_21_0027.abf",NA,"",0.027557373046875,0.0958251953125,0.48699951172375,0.726898193359375,0.848114013671875,0.94891357422375,0.95623779296875,1.03329467773938,1.03909301758313,1.079833984375,NA,NA,NA,NA,NA,NA,NA,NA,NA,NA,NA,NA,NA,NA,NA,NA,NA,NA,NA,NA
"P14f-AP5W_7","PND14","AP5[50uM]","2018_10_10",13,"M",25.9,"rACSF","rACSF","9:00","Sunny","R2","2018_10_10_2001.atf","2018_10_10_2008.abf",NA,"",0.60779907226686,1.0452209472694,1.20533996581899,1.30953247069937,1.39090148925894,1.40971618652708,1.42342041015257,1.44557373046759,1.4595825195301,1.45176940917594,NA,NA,NA,NA,NA,NA,NA,NA,NA,NA,0.61526977539193,1.21786132812623,1.41891845703507,1.5504052734413,1.60010437011822,1.67350036621477,1.67740600586053,1.73259338379029,1.70400573730104,1.70692565918349
"P14f-AP5W_8","PND14","AP5[50uM]","2018_10_10",13,"M",25.9,"rACSF","rACSF","9:00","Scott","L3","2018_10_10_0012.atf","2018_10_10_0018.abf","0.0","",0.68526611328125,1.38740844726562,1.59803466797375,1.69002075195312,1.76950073242688,1.79761352539062,1.78906860351562,1.80796508789063,1.83148803710937,1.78148803710938,NA,NA,NA,NA,NA,NA,NA,NA,NA,NA,0.267071533203125,0.659906005864375,1.11936645508313,1.52626342773437,1.84649658203625,2.11183471680188,2.317480468755,2.4883056640675,2.62552490234375,2.70653076172375
"P14f-AP5W_10","PND14","AP5[50uM]","2018_10_11",14,"M",30,"rACSF","Sucrose","6:45","Scott","L2","2018_10_11_0000.atf","2018_10_11_0005.abf","0.05","",0.35446166992453,0.72548828125,0.86214599609375,0.9772216796875,1.0333740234375,1.09105224609375,1.135498046875,1.12932739257813,1.1494873046875,1.15975341796875,NA,NA,NA,NA,NA,NA,NA,NA,NA,NA,1.26790771484375,2.92162475585938,4.33150024414562,5.46001586914062,6.32969970703125,7.01047973632812,7.46513061523437,7.83985595703125,8.07774047851563,8.24640502929688
"P14f-AP5W_11","PND14","AP5[50uM]","2018_11_29",13,"M",27.3,"rACSF","rACSF","10:15","Luis","L2","2018_11_29_1023.atf","2018_11_29_1031.abf","0.04","",0.20691528320181,0.79705078125129,1.16085083007676,1.3705297851547,1.47330810547008,1.53001098632428,1.56035583496222,1.60576965331654,1.65668457031383,1.65009826660267,0.078865356445059,0.672895507814752,1.05387268066642,1.29445007324443,1.4397613525393,1.626364746099,1.67963623046876,1.66981628418195,1.60548217773912,1.63828918456758,0.0721795654333097,0.46469421386589,0.88497436523323,1.05724975586312,1.20624206543098,1.24917541503789,1.29910034180047,1.3308227539049,1.35272766113151,1.41238891601176
"P14f-AP5W_12","PND14","AP5[50uM]","2018_11_29",13,"M",27.3,"rACSF","rACSF","10:15","Scott","R4","2018_11_29_0013.atf","2018_11_29_0023.abf","0.035","",0.26683654785282,0.98142395019638,1.24968566894662,1.31583251953274,1.35290527343882,1.39518737793125,1.43200988769671,1.45795593261847,1.50210571289206,1.51505432129034,0.10632324218876,0.67843017578472,1.14386291504027,1.31998291015701,1.36557617187572,1.46886291504032,1.54550170898556,1.55936584472715,1.60429382324333,1.62186279296978,1.05099487304808,2.51543273925909,4.3133056640663,6.20057067871466,7.83044738770148,9.19113769531109,10.4463348388711,11.4636596679725,12.209933471681,12.6245788574107
"P14f-AP5W_13","PND14","AP5[50uM]","2018_11_30",14,"F",27.9,"rACSF","rACSF","11:30","Scott","L3","2018_11_30_0000.atf","2018_11_30_0008.abf","0.03","",0.642303466797605,1.11348266601587,1.35263366699245,1.40353393554761,1.46087341308669,1.47922668457305,1.51378784179464,1.55570983886744,1.59671936035432,1.62146301270056,0.271359252929932,0.882760620117439,1.1751556396487,1.33059997558618,1.41542968750024,1.48745422363304,1.51584167480545,1.63832702636744,1.62149963378982,1.63734436035181,0.94363098144637,2.23539123535317,4.09332580567068,5.78319091796754,7.40311889649072,8.69705810547011,9.63333740235007,10.3704467773474,10.9820129394594,11.3002807617199
"P14f-AP5W_14","PND14","AP5[50uM]","2018_11_30",14,"F",27.9,"rACSF","rACSF","11:30","Luis","L4","2018_11_30_1013.atf","2018_11_30_1018.abf","0.03","",0.11410095214725,0.60486999512091,0.92450500488666,1.07291320801149,1.20533142089479,1.30017456054815,1.35186218261838,1.37502258300901,1.43257263183722,1.42321594238418,NA,NA,NA,NA,NA,NA,NA,NA,NA,NA,0.06061340332151,0.415984497071,0.8569842529305,1.11662719726684,1.30863830566537,1.41047790527529,1.45511352539228,1.55540222168079,1.60554138183768,1.62912902832171
"P14f-CS_2-CS11","PND14","Control","2017_08_17",14,"F",37,"rACSF","rACSF","2:55","Luis",NA,"2017_08_17_1004.atf","2017_08_17_1007.abf","0.05","",NA,NA,NA,NA,NA,NA,NA,NA,NA,NA,NA,NA,NA,NA,NA,NA,NA,NA,NA,NA,0.15736242532803,0.367713987829277,0.51428991555992,0.576193249639812,0.61693878173779,0.61704559325729,0.65006866454785,0.66985015868717,0.66167144775831,0.65450897216372
"P14f-CS_3-CS22","PND14","Control","2017_09_09",13,"M",28,"rACSF","rACSF","10:55","Scott",NA,"2017_09_09_0004.atf","2017_09_09_0007.abf","0.05","",NA,NA,NA,NA,NA,NA,NA,NA,NA,NA,NA,NA,NA,NA,NA,NA,NA,NA,NA,NA,0.16818237304436,0.42190551757952,0.71002197265625,0.851409912109375,1.01278686523438,1.18930053711308,1.29147338867518,1.32113647461114,1.36755371093906,1.38327026367188
"P14f-CS_4-CS23","PND14","Control","2017_09_09",13,"M",28,"rACSF","rACSF",NA,"Luis",NA,"2017_09_09_1000.atf","2017_09_09_1003.abf","0.05","",0.0501159667936708,0.31228790283145,0.595356750488961,0.74194946288984,0.782481384278089,0.78549804687438,0.79216766357251,0.784580993646451,0.812944030763651,0.78717956542781,NA,NA,NA,NA,NA,NA,NA,NA,NA,NA,0.0497360229946011,0.3517059326623,0.644844055131299,0.7593658446803,0.8466064452951,0.903086853075301,0.9056671142169,0.911717224150999,0.9296478271342,0.9266250610643
"P14f-CS_5-CS24","PND14","Control","2017_09_09",13,"M",28,"rACSF","rACSF",NA,"Sunny",NA,"2017_09_09_2000.atf","2017_09_09_2004.abf","0.05","",0.36574096679829,0.509878540037819,0.58617858886347,0.63026733398323,0.69026794433476,0.67916870117312,0.69812011719136,0.6840332031261,0.68767395019897,0.70841064453519,NA,NA,NA,NA,NA,NA,NA,NA,NA,NA,2.49446105956661,3.53253479004029,3.97854614257898,4.14902343750107,4.21955261230611,4.23363952636849,4.25264282226634,4.25638732910225,4.25304870605552,4.25610046386833
"P14f-CS_6-CS25","PND14","Control","2017_09_09",13,"M",28,"rACSF","rACSF",NA,"Scott",NA,"2017_09_09_0011.atf","2017_09_09_0014.abf","0.05","",0.34210205078501,0.81951904296998,1.01260375976708,1.03375244140625,1.05633544921875,1.13122558594108,1.16894531250328,1.17703247070593,1.126220703125,1.1297607421875,NA,NA,NA,NA,NA,NA,NA,NA,NA,NA,1.57937622070462,3.64135742188201,5.2724914550815,6.52426147461789,7.34225463867912,7.93908691406366,8.35952758789905,8.62615966797188,8.79421997070451,8.86318969726781
"P14f-CS_7-CS26","PND14","Control","2017_09_09",13,"M",28,"rACSF","rACSF",NA,"Luis",NA,"2017_09_09_1007.atf","2017_09_09_1010.abf","0.05","",0.129928588840999,0.741419982925299,1.064859008816,1.1827774048101,1.3135925293193,1.3009078979626,1.3526992797446,1.3620361327826,1.3084182739614,1.2915817260485,NA,NA,NA,NA,NA,NA,NA,NA,NA,NA,0.0619781493992999,0.6005752563215,0.8707336425622,1.0323486328504,1.0670578002861,1.1228729248124,1.1287033081273,1.1142532348782,1.0830535888567,1.0455154418468
"P14f-CS_8-CS27","PND14","Control","2017_09_10",14,"M",32,"rACSF","rACSF",NA,"Scott",NA,"2017_09_10_0000.atf","2017_09_10_0003.abf","0.05","",0.37203979492067,0.75537109374653,0.883026123051875,1.02297973633313,1.02932739258313,1.03585815429688,1.08425903320312,1.04452514648438,1.06253051757812,1.05426025391125,NA,NA,NA,NA,NA,NA,NA,NA,NA,NA,1.31704711914062,3.12701416016125,4.56134033203125,5.57894897461437,6.37545776367188,7.01614379882812,7.41159057617687,7.70181274414562,7.96124267578625,8.1534423828175
"P14f-CS_9-CS28","PND14","Control","2017_09_10",14,"M",32,"rACSF","rACSF",NA,"Scott",NA,"2017_09_10_0010.atf","2017_09_10_0013.abf","0.05","",0.4666748046875,1.03250122070312,1.19717407226562,1.24896240234375,1.28695678710938,1.3194580078125,1.33749389648438,1.311767578125,1.352294921875,1.35842895507812,NA,NA,NA,NA,NA,NA,NA,NA,NA,NA,0.414764404296875,1.07803344726562,1.5728759765625,1.9468994140625,2.18389892578625,2.37548828125,2.4976806640675,2.55068969727063,2.6209716796925,2.63824462891125
"P14f-CS_10-CS29","PND14","Control","2017_09_11",15,"F",32,"rACSF","rACSF",NA,"Scott",NA,"2017_09_11_0000.atf","2017_09_11_0003.abf","0.05","New person made aCSF, No LTD in Control Slices this day. Omit?",0.05310058593894,0.64874267578472,1.03036499023566,1.15182495117329,1.18560791016008,1.21664428711036,1.29943847656541,1.25503540039145,1.28997802734732,1.31661987305083,NA,NA,NA,NA,NA,NA,NA,NA,NA,NA,0.90106201172115,2.35208129883222,3.67364501953316,4.7603149414072,5.61291503907138,6.22204589844644,6.68688964844143,6.97491455078409,7.19409179688347,7.39215087891485
"P14f-CS_11-CS30","PND14","Control","2017_09_11",15,"F",32,"rACSF","rACSF",NA,"Scott",NA,"2017_09_11_0007.atf","2017_09_11_0009.abf","0.05","New person made aCSF, No LTD in Control Slices this day. Omit?",NA,NA,NA,NA,NA,NA,NA,NA,NA,NA,NA,NA,NA,NA,NA,NA,NA,NA,NA,NA,0.23718261718618,0.8200378418008,1.04858398437683,1.19277954101961,1.2322692871113,1.26046752929346,1.26971435546655,1.27221679687682,1.26477050780971,0
"P14f-CS_12-CS36","PND14","Control","2018_01_14",14,"M",29.5,"rACSF","rACSF",NA,"Scott","Mid","2018_01_14_0000.atf","2018_01_14_0003.abf","0.04","",0.53118896484375,1.043212890625,1.17855834960938,1.35897827148938,1.42657470703125,1.49005126953625,1.4639892578125,1.48089599609375,1.50552368164062,1.45330810546875,NA,NA,NA,NA,NA,NA,NA,NA,NA,NA,0.422210693359375,1.06463623047375,1.45098876953125,1.75387573242188,1.96218872070312,2.09503173828625,2.191406250005,2.27017211914062,2.3323974609425,2.3714599609375
"P14f-CS_13-CS37","PND14","Control","2018_01_14",14,"M",29.5,"rACSF","rACSF",NA,"Sunny","Mid","2018_01_14_2000.atf","2018_01_14_2003.abf","0.05","",0.34603729248488,0.726220703122999,0.98718261718318,1.16536102295121,1.26815338134446,1.36225433349552,1.38900299072093,1.45408782959303,1.50663146972222,1.5341812133741,NA,NA,NA,NA,NA,NA,NA,NA,NA,NA,3.5078521728492,6.3826329231262,8.5192585945116,9.6452125072406,10.4433539867409,11.1006203413003,11.8018624067265,12.0351540923086,12.3726495146724,12.2520547568792
"P14f-CS_15-CS39","PND14","Control","2018_01_14",14,"M",29.5,"rACSF","rACSF",NA,"Luis","Mid","2018_01_14_1007.atf","2018_01_14_1010.abf","0.05","",0.31266113281612,0.58008911132938,0.67612976074343,0.83323242187637,0.94614257812383,1.03020446777727,1.11870788574336,1.17534912109505,1.23309570312131,1.29378967285548,NA,NA,NA,NA,NA,NA,NA,NA,NA,NA,0.254238891601816,0.60507141113256,0.776848144528506,0.946744995121944,1.09606750488007,1.1830950927757,1.27527832031226,1.25595275878881,1.26671813964818,1.27104858398911
"P14f-CS_16-CS40","PND14","Control","2018_01_15",15,"M",35,"rACSF","rACSF",NA,"Scott","Mid","2018_01_15_0006.atf","2018_01_15_0009.abf","0.04","",0.2459716796875,0.949462890625,1.24005126953125,1.44976806640625,1.52304077148438,1.65118408203125,1.70181274414062,1.69631958007812,1.79330444336438,1.82412719726562,NA,NA,NA,NA,NA,NA,NA,NA,NA,NA,0.67071533203125,1.75888061523938,2.80502319336438,3.66192626953125,4.31939697266125,4.790771484375,5.14227294921875,5.35708618164062,5.55728149414562,5.65786743164062
"P14f-CS_17-CS41","PND14","Control","2018_01_15",15,"M",35,"rACSF","rACSF",NA,"Luis","Mid","2018_01_15_1004.atf","2018_01_15_1007.abf","0.03","Temp not working on luis rig. Potential source of earlier 2 days issues",0.527547607422245,0.898847656252371,1.00051269531114,1.03650512695375,1.02471771240222,1.04927459716867,1.04493621826236,1.02554931640681,1.03690063476577,1.04797760009829,NA,NA,NA,NA,NA,NA,NA,NA,NA,NA,0.0822027587846001,0.54740875244207,0.85719360351619,1.01552612304882,1.15012329101877,1.21267089843812,1.25101165771425,1.26292785644337,1.32361145019591,1.33636962890691
"P14f-CS_20-CS44","PND14","Control","2018_01_17",13,"M",35,"rACSF","rACSF",NA,"Luis",NA,"2018_01_17_1003.atf","2018_01_17_1007.abf","0.05","Omit: temp broken",0.333595581054938,0.719019165039305,0.894984741211179,0.948231811524179,0.953600463867429,0.966268920899197,0.992348632812747,0.955281372071072,0.960376586914318,0.944881591797616,NA,NA,NA,NA,NA,NA,NA,NA,NA,NA,0.04069702148051,0.34745849609001,0.61664428711294,0.82861389160536,0.94105163573848,1.06168395996464,1.08301696776966,1.15561767578491,1.16811767578277,1.17126403808711
"P14f-CS_21-CS45","PND14","Control","2018_01_18",14,"F",37,"rACSF","rACSF",NA,"Scott","X2","2018_01_18_0003.atf","2018_01_18_0007.abf","0.02","",0.082855224609375,0.39373779297375,0.88208007813,1.19216918945813,1.44918823242188,1.60940551757812,1.70343017578125,1.75494384765625,1.80590820313,1.8260498046875,NA,NA,NA,NA,NA,NA,NA,NA,NA,NA,0.91497802734198,2.99633789062318,5.19689941406074,7.04376220703426,8.58132934570619,9.91091918944976,10.78723144536,11.4273986816883,12.0400695800508,12.3636779785388
"P14f-CS_22-CS46","PND14","Control","2018_01_18",14,"F",37,"rACSF","rACSF",NA,"Luis","X3","2018_01_18_1000.atf","2018_01_18_1003.abf","0.03","This was when heating issue on Luis rig was noticed",0.433407592773197,0.734121093750248,0.81663940429713,0.902455444336182,0.893718872070561,0.933309326172625,0.953562622071071,0.981095581055439,0.977620849609631,1.00056213378933,NA,NA,NA,NA,NA,NA,NA,NA,NA,NA,0.024511718749751,0.145657348633074,0.424908447265871,0.599086914062252,0.712481689452868,0.812399902344007,0.883500976562752,0.916411743164321,0.976495971679932,0.961464233399356
"P14f-CS_23-CS47","PND14","Control","2018_01_19",15,"F",40,"rACSF","rACSF",NA,"Luis",NA,"2018_01_19_1005.atf","2018_01_19_1009.abf","0.05","",NA,NA,NA,NA,NA,NA,NA,NA,NA,NA,NA,NA,NA,NA,NA,NA,NA,NA,NA,NA,0.12291137695192,0.50410339355089,0.78598205566516,0.9709356689441,1.13267578125119,1.22684387207168,1.28171447753532,1.33281433105109,1.36298095703501,1.42269226074342
"P14f-CS_24-CS48","PND14","Control","2018_06_20",14,"F",28.9,"rACSF","rACSF",NA,"Luis",NA,"2018_06_20_1006.atf","2018_06_20_1009.abf","0.05","",0.0753320312548009,0.423075561480299,0.568959350579201,0.6389263915583,0.666734008744699,0.6812152099541,0.691831665021899,0.694495239214499,0.6901123046812,0.695549316437901,NA,NA,NA,NA,NA,NA,NA,NA,NA,NA,0.041809692383065,0.253793945312259,0.40654907226538,0.506649780273675,0.566571044922113,0.605734252929927,0.628608398437745,0.647571411132559,0.67212341308619,0.648941650390874
"P14f-CS_27","PND14","Control","2018_11_29",13,"M",27.3,"rACSF","rACSF","10:15","Scott","L3","2018_11_29_0000.atf","2018_11_29_0005.abf","0.05","",0.440213012691329,0.858740234371461,1.04627990723011,1.18494873046767,1.26193847656377,1.33673706055065,1.3603973388658,1.37547912597789,1.46026611328515,1.49103698730594,NA,NA,NA,NA,NA,NA,NA,NA,NA,NA,1.3782196045018,3.3387939453167,5.3474517822326,7.2666503906359,9.0547058105493,10.663211059578,12.114367675793,13.316674804701,14.2893096923873,15.1779388427788
"P14f-S_2-S3","PND14","EtOH[50mM]","2017_07_07",15,"M",35,"rACSF","rACSF",NA,"Scott",NA,"2017_07_07_0000.atf","2017_07_07_0004.abf","0.05","",0.09106445312163,0.4588623046875,0.696441650390625,0.784088134765625,0.865020751953125,0.96380615234375,0.990814208984375,1.072509765625,1.05816650390625,1.10195922851562,NA,NA,NA,NA,NA,NA,NA,NA,NA,NA,0.821075439453125,1.53372192383313,2.00540161132812,2.29849243164563,2.4964599609425,2.68255615234375,2.7479248046875,2.82513427734875,2.81369018554688,2.85629272460938
"P14f-S_3-S4","PND14","EtOH[50mM]","2017_07_07",15,"M",35,"rACSF","rACSF",NA,"Scott",NA,"2017_07_07_0012.atf","2017_07_07_0016.abf","0.05","",0.08502197265625,0.788818359375,0.9910888671925,1.08370971679688,1.14938354492688,1.2139892578125,1.25527954101562,1.30880737305188,1.3291015625,1.32693481445813,NA,NA,NA,NA,NA,NA,NA,NA,NA,NA,1.31072998046875,2.51278686523938,3.48980712890625,4.1834716796925,4.68734741211437,5.02532958984375,5.254638671875,5.42944335938,5.55380249023438,5.60055541992687
"P14f-S_4-S9","PND14","EtOH[50mM]","2017_08_16",13,"M",35,"rACSF","rACSF",NA,"Scott",NA,"2017_08_16_0000.atf","2017_08_16_0004.abf","0.04","Great recording w LTD",0.29180908203625,0.582122802739375,0.7657470703125,0.817474365234375,0.90301513672375,0.949859619140625,0.91619873046808,0.92462158202945,0.896820068359375,0.943145751957415,NA,NA,NA,NA,NA,NA,NA,NA,NA,NA,1.07244873047279,2.0842895507828,2.96212768555284,3.60171508789982,4.05783081055303,4.36544799805267,4.60656738281679,4.8011474609408,4.91937255860002,5.03115844727182
"P14f-S_5-S10","PND14","EtOH[50mM]","2017_08_16",13,"M",35,"rACSF","rACSF",NA,"Scott",NA,"2017_08_16_0011.atf","2017_08_16_0015.abf","0.05","",0.31781005859583,0.61990356445488,0.73291015625377,0.84707641601704,0.87985229492558,0.89215087890765,0.9304199218776,0.97985839843861,0.96124267578379,0.99121093749755,NA,NA,NA,NA,NA,NA,NA,NA,NA,NA,2.10531616211323,4.36114501953512,6.09310913086126,7.5128173828139,8.4926147460954,9.23507690430385,9.77563476563328,10.1846313476577,10.3746032714931,10.6401977539094
"P14f-S_6-S11","PND14","EtOH[50mM]","2018_01_17",13,"M",35,"rACSF","rACSF",NA,"Scott",NA,"2018_01_17_0016.atf","2018_01_17_0020.abf","0.028","",0.0741882324243399,0.53436279297132,0.99105834960686,1.25411987304386,1.47894287109132,1.56878662109626,1.63082885741928,1.7316284179658,1.76062011718528,1.77288818359176,NA,NA,NA,NA,NA,NA,NA,NA,NA,NA,0.7760009765675,2.04144287109375,3.33486938476562,4.5192565917962,5.4713134765651,6.20849609374745,6.78344726562281,7.24423217773177,7.53958129883095,7.74743652343946
"P14f-S_7-S12","PND14","EtOH[50mM]","2018_01_17",13,"F",33,"rACSF","rACSF",NA,"Scott","X3","2018_01_17_0026.atf","2018_01_17_0031.abf","0.02","2nd animal of the day",NA,NA,NA,NA,NA,NA,NA,NA,NA,NA,NA,NA,NA,NA,NA,NA,NA,NA,NA,NA,0.10046386719038,0.44256591796622,0.9662170410175,1.37265014648137,1.74188232421565,2.00399780273661,2.17034912109057,2.29977416991909,2.34103393555016,2.33312988281031
"P14f-S_8-S13","PND14","EtOH[50mM]","2018_01_17",13,"F",33,"rACSF","rACSF",NA,"Scott",NA,"2018_01_17_0039.atf","2018_01_17_0044.abf","0.03","First IO done at 0.03 mA",0.089324951171875,0.5347900390625,0.9534912109375,1.29913330078125,1.51995849609875,1.64755249023438,1.68331909180188,1.68603515625,1.754394531255,1.80853271484875,NA,NA,NA,NA,NA,NA,NA,NA,NA,NA,0.7831420898414,1.89001464843554,3.08071899413768,4.23382568359063,5.18304443359151,6.05856323241929,6.62191772461254,7.16659545898129,7.45452880859148,7.71139526367476
"P14f-S_9-S14","PND14","EtOH[50mM]","2018_01_18",14,"F",37,"rACSF","rACSF",NA,"Scott",NA,"2018_01_18_0011.atf","2018_01_18_0015.abf","0.02","",NA,NA,NA,NA,NA,NA,NA,NA,NA,NA,NA,NA,NA,NA,NA,NA,NA,NA,NA,NA,0.055633544921875,0.3067626953125,0.79034423828125,1.05322265625,1.22125244141125,1.28463745117688,1.3753662109425,1.37759399414062,1.426513671875,1.48977661133313
"P14f-S_10","PND14","EtOH[50mM]","2018_10_11",14,"M",31,"rACSF","Sucrose","6:45","Luis","R2","2018_10_11_1000.atf","2018_10_11_1006.abf","0.035","",0.33010375976946,0.88844909668076,1.18678710937115,1.3101617431679,1.38656433105607,1.43183471679555,1.45371093749885,1.48190734863662,1.49792114257444,1.36885070800634,NA,NA,NA,NA,NA,NA,NA,NA,NA,NA,0.0348303222642405,0.252450561524601,0.74445190430069,1.02416198730597,1.24739624023808,1.32897094726688,1.40976684569929,1.44039428711069,1.47409729003506,1.50845214844143
"P14f-S_11","PND14","EtOH[50mM]","2018_10_11",14,"M",31,"rACSF","Sucrose","6:45","Scott","R3","2018_10_11_0026.atf","2018_10_11_0032.abf","0.035","",0.147406005859375,0.512554931640625,0.68641357421875,0.73680419921875,0.769696044921875,0.781036376953125,0.8029541015625,0.83792724609375,0.83662109375,0.84493408203125,NA,NA,NA,NA,NA,NA,NA,NA,NA,NA,0.4595458984375,1.355615234375,2.37139282227063,3.32376708984375,4.133740234375,4.770263671875,5.281152343755,5.70282592773438,5.9969482421925,6.22969970703125
"P14f-S_12","PND14","EtOH[50mM]","2018_10_11",14,"M",31,"rACSF","Sucrose","6:45","Luis","L3","2018_10_11_1015.atf","2018_10_11_1020.abf","0.03","",0.10549804687385,0.63908203124872,0.85978393555074,0.990496215819,1.06403686523802,1.09307128906142,1.11022094726704,1.14818420409783,1.1752490234413,1.19806152343625,NA,NA,NA,NA,NA,NA,NA,NA,NA,NA,0.0691119384778598,0.43296813965216,0.67714111328502,0.82440429687631,0.87093383789202,0.92867004394425,0.95396911620955,1.01510437011337,1.02201843261838,1.02371398925634
"P14f-SS_4-SS24","PND14","EtOH[100mM]","2017_07_06",14,"M",31,"rACSF","rACSF",NA,"Scott",NA,"2017_07_06_0000.atf","2017_07_06_0004.abf","0.08","",NA,NA,NA,NA,NA,NA,NA,NA,NA,NA,NA,NA,NA,NA,NA,NA,NA,NA,NA,NA,0.31726074218948,0.58636474609736,0.65359497070607,0.71176147460631,0.78448486327965,0.77688598633098,0.78833007812336,0.78390502929878,0.82412719726168,0.85440063476431
"P14f-SS_5-SS25","PND14","EtOH[100mM]","2017_07_06",14,"M",31,"rACSF","rACSF",NA,"Scott",NA,"2017_07_06_0011.atf","2017_07_06_0015.abf","0.05","Had to create 4 columns in Decay at~Sweep 80 to have 240 Sweeps :0016.atf",NA,NA,NA,NA,NA,NA,NA,NA,NA,NA,NA,NA,NA,NA,NA,NA,NA,NA,NA,NA,0.05694580078125,0.466796875000025,0.67687988281416,0.749664306640625,0.8080749511747,0.83859252929915,0.87698364258016,0.91177368164386,0.97171020507666,0.99588012695516
"P14f-SS_6-SS26","PND14","EtOH[100mM]","2017_07_06",14,"M",31,"rACSF","rACSF",NA,"Scott",NA,"2017_07_06_0027.atf","2017_07_06_0031.abf","0.05","No rundown during EtOH wash in, flow rate 2mL/min",0.022674560546875,0.143280029296875,0.303131103515625,0.422119140625,0.51495361328125,0.522491455078125,0.591400146484375,0.581298828125,0.65789794921875,0.643402099609375,NA,NA,NA,NA,NA,NA,NA,NA,NA,NA,2.65209960938,5.28717041015625,7.07940673828125,8.26629638671874,8.9496154785204,9.507629394529,9.78125,9.95248413090937,10.0399780273937,10.0376586914562
"P14f-SS_7-SS27","PND14","EtOH[100mM]","2018_06_21",15,"M",32,"rACSF","rACSF",NA,"Luis","R1","2018_06_21_1001.atf","2018_06_21_1004.abf","0.05","",0.0399330900000001,0.12559922,0.44062809,0.669487896,0.87360228,1.01917236,1.09465286,1.17628858,1.24548942,1.29079589,NA,NA,NA,NA,NA,NA,NA,NA,NA,NA,0.033563232421619,0.052562866210689,0.369333496093502,0.652602539059762,0.859241333005062,0.986588134770376,1.1169592285179,1.20196594238007,1.25421569824195,1.28945251464818
"P14f-SS_8","PND14","EtOH[100mM]","2018_10_12",15,"F",33,"rACSF","Sucrose","6:50","Scott","L2","2018_10_12_0000.atf","2018_10_12_0006.abf","0.04","",0.12038879394409,0.46999206543078,0.60948181152716,0.666882324219497,0.716723632817251,0.748175048827863,0.785629272465688,0.849392700195057,0.910952758793801,0.950808715817569,NA,NA,NA,NA,NA,NA,NA,NA,NA,NA,0.42211914062151,0.9239654541003,1.48772888183723,2.03530883788957,2.62763671875125,3.20430297851685,3.7243408203143,4.22890930175957,4.80476684570192,5.39407653808716
"P14f-SS_9","PND14","EtOH[100mM]","2018_10_12",15,"F",33,"rACSF","Sucrose","6:50","Luis","R2","2018_10_12_1003.atf","2018_10_12_1009.abf","0.04","",0.093095703124744,0.644760131836201,0.933585815430423,1.10887329101637,1.20458312988304,1.26581604003931,1.34446899414087,1.33603820800807,1.352136230469,1.39830383300805,NA,NA,NA,NA,NA,NA,NA,NA,NA,NA,0.0696374511705899,0.55186645507874,0.97311096191488,1.18781982422004,1.35150878906377,1.45868713379096,1.53315490722788,1.62156921386895,1.67682067871275,1.75396362304863
"P21f-AP5F_1-AP05","PND21","AP5[50uM]","2017_11_15",19,"M",45,"rACSF","rACSF",NA,"Scott","L3","2017_11_15_0003.atf","2017_11_15_0006.abf","0.04","",0.08941650390625,0.5926513671875,0.89483642578125,1.10885620117688,1.16976928711438,1.22616577148438,1.25070190429688,1.26739501953125,1.27642822266125,1.31646728515625,NA,NA,NA,NA,NA,NA,NA,NA,NA,NA,0.213287353515625,0.801239013671875,1.28924560546875,1.80197143555188,2.09957885742688,2.33200073242688,2.52191162109375,2.62179565429688,2.64715576171875,2.68310546875
"P21f-AP5F_2-AP06","PND21","AP5[50uM]","2017_11_15",19,"M",45,"rACSF","rACSF",NA,"Luis",NA,"2017_11_15_1007.atf","2017_11_15_1010.abf","0.06","",0.0361572266515814,0.249237086518611,0.79946752022164,1.04584971368388,1.15454874933831,1.24421854980731,1.25325175225809,1.28319865167218,1.2306550115367,1.22859507357896,NA,NA,NA,NA,NA,NA,NA,NA,NA,NA,0.0415222193301044,0.115162668820515,0.599177595958516,1.13729413453067,1.42620557023405,1.59175427700277,1.70476697981176,1.7654389765468,1.79807294907733,1.85049451971497
"P21f-AP5F_3-AP07","PND21","AP5[50uM]","2017_11_15",19,"M",45,"rACSF","rACSF",NA,"Scott","R4","2017_11_15_0015.atf","2017_11_15_0018.abf","0.035","",0.052154541015625,0.624176025390625,1.49734497070813,1.82180786133313,1.93911743164062,2.00839233398938,2.0491943359375,2.04388427734875,2.01132202148438,2.05892944336438,NA,NA,NA,NA,NA,NA,NA,NA,NA,NA,0.18991088867391,0.75408935546592,1.35977172851823,1.92922973633078,2.40390014648639,2.74884033203357,3.00280761718972,3.12503051758576,3.18359375000229,3.28405761719499
"P21f-AP5F_4-AP08","PND21","AP5[50uM]","2017_11_16",20,"F",53,"rACSF","rACSF",NA,"Scott","L3","2017_11_16_0000.atf","2017_11_16_0003.abf","0.03","Very nice traces for closer look at EPSP",0.80044555663857,1.38598632812775,1.62243652344071,1.72872924804688,1.89450073242688,1.967529296875,2.04858398438,2.10064697266125,2.14352416992188,2.22994995117188,NA,NA,NA,NA,NA,NA,NA,NA,NA,NA,0.674560546875,1.78921508789563,2.7586669921925,3.49090576172375,4.02032470703125,4.42950439453125,4.73416137695312,4.8668212890625,5.06539916992687,5.1580810546875
"P21f-AP5F_5-AP09","PND21","AP5[50uM]","2017_11_17",21,"F",51,"rACSF","rACSF",NA,"Scott","L3","2017_11_17_0004.atf","2017_11_17_0007.abf","0.015","",0.0905151367158199,0.63012695312214,1.24795532226562,1.5797119140675,1.79458618164563,1.94448852539062,2.0712890625,2.1710205078125,2.26272583007812,2.29141235352063,NA,NA,NA,NA,NA,NA,NA,NA,NA,NA,0.58734130859875,1.277099609375,1.97091674805188,2.62884521484375,3.1553955078125,3.5831298828125,3.82061767578625,4.00961303710938,4.182373046875,4.35275268555187
"P21f-AP5F_6-AP10","PND21","AP5[50uM]","2017_11_17",21,"F",51,"rACSF","rACSF",NA,"Luis","R3","2017_11_17_1003.atf","2017_11_17_1006.abf","0.035","",0.0975177001940499,0.91389953613357,1.72088806152525,2.01500732422063,2.1614099121106,2.28780944824404,2.40440979004296,2.42264648438126,2.51959167481093,2.52144714356092,NA,NA,NA,NA,NA,NA,NA,NA,NA,NA,0.0405828857433801,0.28901550292597,1.43399902344123,1.88895935058231,2.23487121581902,2.40976684569943,2.52584167480095,2.63630493164193,2.7320410156238,2.77414184570178
"P21f-AP5F_7-AP11","PND21","AP5[50uM]","2017_11_17",21,"F",51,"rACSF","rACSF",NA,"Scott","R4","2017_11_17_0015.atf","2017_11_17_0018.abf","0.05","",0.44317626953125,1.2064208984375,1.75787353516125,2.08438110352063,2.30242919922375,2.47052001953625,2.57391357422375,2.6571044921925,2.70101928710938,2.71524047852063,NA,NA,NA,NA,NA,NA,NA,NA,NA,NA,0.68093872070093,1.37982177734089,2.01690673828313,2.62341308593936,3.16845703124812,3.53802490234576,3.75738525390921,3.96310424804506,4.18368530273142,4.22540283203385
"P21f-AP5F_8-AP12","PND21","AP5[50uM]","2017_11_18",22,"F",53,"rACSF","rACSF",NA,"Scott","R3","2017_11_18_0003.atf","2017_11_18_0006.abf","0.03","",0.94546508789386,1.51956176758101,1.86273193359687,2.09176635742458,2.25625610351744,2.37515258789125,2.41662597656939,2.45175170898438,2.49386596680459,2.61849975586438,NA,NA,NA,NA,NA,NA,NA,NA,NA,NA,0.436492919921875,1.05712890625,1.64312744141125,2.11239624023438,2.49429321289062,2.78295898438,3.01730346680188,3.2164306640625,3.34561157227063,3.43838500976562
"P21f-AP5F_9-AP13","PND21","AP5[50uM]","2017_11_18",22,"F",53,"rACSF","rACSF",NA,"Luis","L3","2017_11_18_1000.atf","2017_11_18_1003.abf","0.035","",0.563605346679428,1.10902282715069,1.31238647460664,1.37690368652068,1.44302185058727,1.46868896484524,1.5043103027307,1.5500531005872,1.57474182129273,1.57248962402719,NA,NA,NA,NA,NA,NA,NA,NA,NA,NA,0.088230590820559,0.66724975585963,0.966892700195561,1.10126770019606,1.19791015625026,1.25328430175857,1.31133422851588,1.33193298339918,1.35897399902417,1.35970092773463
"P21f-AP5W_10","PND21","AP5[50uM]","2018_01_22",22,"M",60,"rACSF","rACSF",NA,"Scott","X2","2018_01_22_0000.atf","2018_01_22_0004.abf","0.025","",NA,NA,NA,NA,NA,NA,NA,NA,NA,NA,NA,NA,NA,NA,NA,NA,NA,NA,NA,NA,0.048553466796875,0.613281250005,1.16732788085938,1.3819580078125,1.51885986328625,1.58016967773938,1.66165161132812,1.73287963867188,1.77215576171875,1.789794921875
"P21f-AP5W_11","PND21","AP5[50uM]","2018_01_22",22,"M",60,"rACSF","rACSF",NA,"Scott","X3","2018_01_22_0008.atf","2018_01_22_0013.abf","0.03","",0.077056884765625,0.8321533203175,1.28512573242688,1.53863525391125,1.73068237305188,1.87322998047375,1.94384765625,2.0775146484375,2.11447143555188,2.17276000976561,NA,NA,NA,NA,NA,NA,NA,NA,NA,NA,0.3968505859375,1.37814331054688,2.16168212891125,2.7720947265675,3.18905639648938,3.53323364257812,3.67535400391125,3.83126831055187,3.90502929688,4.02108764648937
"P21f-AP5W_12","PND21","AP5[50uM]","2018_01_25",21,"M",66,"rACSF","rACSF",NA,"Scott","R3","2018_01_25_0000.atf","2018_01_25_0005.abf","0.03","",0.0461120605492802,0.87603759765936,1.403076171875,1.57135009765625,1.67745971679688,1.72476196289062,1.76422119140625,1.84426879882812,1.86367797852063,1.83319091797375,NA,NA,NA,NA,NA,NA,NA,NA,NA,NA,0.43899536133007,1.28964233398301,2.02212524414214,2.60110473632447,3.04992675781355,3.34075927734644,3.57196044922257,3.74325561523119,3.83047485351319,3.97006225585844
"P21f-AP5W_13","PND21","AP5[50uM]","2018_01_25",21,"M",66,"rACSF","rACSF",NA,"Scott",NA,"2018_01_25_0019.atf","2018_01_25_0014.abf","0.0","",0.0534973144547799,0.45993041992513,0.93447875976863,1.27151489257982,1.48468017578433,1.62033081055043,1.74566650390982,1.78451538085699,1.85559082030883,1.86502075195697,NA,NA,NA,NA,NA,NA,NA,NA,NA,NA,0.29299926757606,0.88174438476948,1.33541870117351,1.68328857421489,1.97018432616911,2.14013671875105,2.2603759765615,2.35525512695673,2.39773559570597,2.46151733398124
"P21f-AP5W_14","PND21","AP5[50uM]","2018_01_25",21,"M",66,"rACSF","rACSF",NA,"Scott","","2018_01_25_0019.abf","2018_01_25_0023.abf","0.03","",0.043212890625,0.608001708984375,0.8768310546875,1.1026611328125,1.24246215820813,1.38287353516125,1.44808959961438,1.51098632813,1.54376220703625,1.58843994140625,NA,NA,NA,NA,NA,NA,NA,NA,NA,NA,0.312713623046875,0.987091064453125,1.5628662109375,2.06912231445813,2.44003295898938,2.7191162109425,2.93576049805188,3.08773803711438,3.18331909180188,3.246337890625
"P21f-AP5W_15","PND21","AP5[50uM]","2018_12_06",20,"M",45,"rACSF","rACSF","8:45","Scott","L3","2018_12_06_0000.abf","2018_12_06_0010.abf","0.035","",0.19755859375,1.04484252929688,1.59293823242188,1.86581420898438,1.96759033203125,2.10530395508567,2.1542724609425,2.23378295898438,2.21349487305188,2.22093505859875,0.06715087890358,1.00447998047119,1.67667846679932,2.08638305664312,2.32026367187748,2.4346862793043,2.54315185547463,2.54647827149195,2.571118164069,2.59104614258075,0.84840698242441,2.33373413086688,3.90402832031961,5.33228149414269,6.49877929687758,7.44257202148706,8.14349975586688,8.64230957032036,9.02299804688263,9.32277832031999
"P21f-AP5W_16","PND21","AP5[50uM]","2018_12_06",20,"M",45,"rACSF","rACSF","8:45","Luis","R3","2018_12_06_1014.abf","2018_12_06_1023.abf","0.035","",0.40922485351188,0.91202697753536,1.17859313965221,1.29822387695446,1.40415405273323,1.44397460937878,1.48543090819946,1.51325744628782,1.5432647705116,1.54937377929562,0.28224731445426,0.79600219726677,1.06773315429314,1.25601196288947,1.37607299805061,1.48032470702753,1.53960083007688,1.6496026611316,1.66595581054306,1.74770690918084,0.3428198242225,0.87869445800409,1.22378479004289,1.45394714355341,1.65764099120711,1.7662402343714,1.88306579589477,1.91908691405875,1.98464599609268,2.05599487305058
"P21f-CS_1-CS3","PND21","Control","2017_05_10",20,"M",52,"rACSF","rACSF",NA,"Scott","xx","2017_05_10_0000.atf","2017_05_10_0002.abf","0","",NA,NA,NA,NA,NA,NA,NA,NA,NA,NA,0.28224731445426,0.79600219726677,1.06773315429314,1.25601196288947,1.37607299805061,1.48032470702753,1.53960083007688,1.6496026611316,1.66595581054306,1.74770690918084,NA,NA,NA,NA,NA,NA,NA,NA,NA,NA
"P21f-CS_3-CS5","PND21","Control","2017_05_11",21,"M",47,"rACSF","rACSF",NA,"Scott","xx","2017_05_11_0005.atf","2017_05_11_0009.abf","0","",NA,NA,NA,NA,NA,NA,NA,NA,NA,NA,0.28224731445426,0.79600219726677,1.06773315429314,1.25601196288947,1.37607299805061,1.48032470702753,1.53960083007688,1.6496026611316,1.66595581054306,1.74770690918084,NA,NA,NA,NA,NA,NA,NA,NA,NA,NA
"P21f-CS_4-CS14","PND21","Control","2017_07_12",20,"M",49,"rACSF","rACSF",NA,"Luis","xx","2017_07_12_1003.atf","2017_07_12_1006.abf","0.0","",NA,NA,NA,NA,NA,NA,NA,NA,NA,NA,0.28224731445426,0.79600219726677,1.06773315429314,1.25601196288947,1.37607299805061,1.48032470702753,1.53960083007688,1.6496026611316,1.66595581054306,1.74770690918084,0.0362808227507605,0.11697387694891,0.34258728027653,0.54545440673884,0.66522979736373,0.81431427001663,0.87525177001881,0.88061828613353,0.92798309326477,0.95969567299219
"P21f-CS_5-CS15","PND21","Control","2017_06_24",22,"F",56,"rACSF","rACSF",NA,"Luis","xx","2017_06_24_1002.atf","2017_06_24_1005.abf","0.0","",NA,NA,NA,NA,NA,NA,NA,NA,NA,NA,0.28224731445426,0.79600219726677,1.06773315429314,1.25601196288947,1.37607299805061,1.48032470702753,1.53960083007688,1.6496026611316,1.66595581054306,1.74770690918084,0.0790908813470899,0.36198730468662,0.52285473346841,0.61719830036279,0.64735729694382,0.67331249713675,0.69373028278231,0.7119660615884,0.72445080280324,0.7294312715569
"P21f-CS_6-CS16","PND21","Control","2017_06_24",22,"F",56,"rACSF","rACSF",NA,"Luis","xx","2017_06_24_1009.atf","2017_06_24_1013.abf","0.0","",0.25493164062073,0.59930572509713,0.78647027015521,0.84333519935809,0.91179985999643,0.95115227699485,0.95549340248449,0.9768816471058,0.99113945961192,1.00950188637241,NA,NA,NA,NA,NA,NA,NA,NA,NA,NA,NA,NA,NA,NA,NA,NA,NA,NA,NA,NA
"P21f-CS_7-CS17","PND21","Control","2017_06_24",22,"F",56,"rACSF","rACSF",NA,"Luis","xx","2017_06_24_1016.atf","2017_06_24_1019.abf","0.0","",0.32233734131059,0.89656243323967,1.12065300941415,1.2113344669364,1.26979851722294,1.3216951847047,1.3524691104896,1.38646569251966,1.39933037757817,1.37688927650288,NA,NA,NA,NA,NA,NA,NA,NA,NA,NA,0.18993377685996,0.68840637206587,0.91713128089734,1.00413842201437,1.06020531654813,1.0996462345129,1.14150567054815,1.19698815345459,1.18607659340089,1.18718438148836
"P21f-CS_10-CS31","PND21","Control","2017_09_18",21,"M",51,"rACSF","rACSF",NA,"Scott","xx","2017_09_18_0000.atf","2017_09_18_0003.abf","0.0","",0.076416015625,0.560272216796875,0.914459228515625,1.10116577148855,1.16390991211014,1.20263671875296,1.23562622070555,1.22152709960996,1.25531005859375,1.29132080078297,NA,NA,NA,NA,NA,NA,NA,NA,NA,NA,1.26736450195576,2.98587036133709,4.50338745117965,5.64630126953712,6.54406738281471,7.21478271485168,7.65866088867624,7.9721374511756,8.19207763672094,8.33459472656668
"P21f-CS_11-CS48","PND21","Control","2018_01_20",20,"F",57,"rACSF","rACSF",NA,"Scott","xx","2018_01_20_0011.atf","2018_01_20_0014.abf","0.0","",0.0280151367221999,0.106781005859375,1.0826416015675,2.00268554688,2.56549072266125,2.92950439453625,3.10498046875,3.30178833008313,3.44235229492188,3.51287841797375,NA,NA,NA,NA,NA,NA,NA,NA,NA,NA,0.1480712890625,0.47174072265625,0.868560791015625,1.19845581054688,1.53912353516125,1.67233276367188,1.890625,1.99880981445312,2.09335327148938,2.10208129882812
"P21f-CS_12-CS49","PND21","Control","2018_01_20",20,"F",57,"rACSF","rACSF",NA,"Luis","xx","2018_01_20_1003.atf","2018_01_20_1006.abf","0.0","",NA,NA,NA,NA,NA,NA,NA,NA,NA,NA,NA,NA,NA,NA,NA,NA,NA,NA,NA,NA,0.100013427738229,0.533186645511599,0.96700683593877,1.20199584961069,1.41081787109243,1.51933837890499,1.56412841796511,1.60372680664451,1.67494995117571,1.70486328125372
"P21f-CS_13-CS50","PND21","Control","2018_01_20",20,"F",57,"rACSF","rACSF",NA,"Luis","xx","2018_01_20_1013.atf","2018_01_20_1017.abf","0.0","",0.0813439941443801,0.48033569335807,0.75841369629035,0.87690612793116,0.96639038085545,1.0283331298816,1.14130920410031,1.19452087402717,1.24934753418081,1.29699462891002,NA,NA,NA,NA,NA,NA,NA,NA,NA,NA,0.0392089843738104,0.48084411620705,0.821704101563761,1.04865722656379,1.24182739257442,1.34740539550403,1.47424621581648,1.52574157714462,1.63034484863419,1.68760070801155
"P21f-CS_14-CS51","PND21","Control","2018_01_20",20,"F",57,"rACSF","rACSF",NA,"Scott","xx","2018_01_20_0018.atf","2018_01_20_0021.abf","0.0","",0.1995849609375,0.937469482421875,1.3138427734375,1.41555786133313,1.51492309570813,1.58325195313,1.5950927734425,1.61541748047375,1.71264648438,1.74758911133313,NA,NA,NA,NA,NA,NA,NA,NA,NA,NA,0.959197998051875,2.337402343755,3.79516601563,5.11956787109375,6.2335205078175,7.10940551757812,7.75149536132812,8.19818115234375,8.59405517578625,8.87161254883313
"P21f-CS_15-CS52","PND21","Control","2018_01_22",22,"M",60,"rACSF","rACSF",NA,"Luis","xx","2018_01_22_1004.atf","2018_01_22_1007.abf","0.0","",NA,NA,NA,NA,NA,NA,NA,NA,NA,NA,NA,NA,NA,NA,NA,NA,NA,NA,NA,NA,0.23470825195387,0.7307635498059,0.90487731933724,1.01964050293104,1.10739501953232,1.14004150390757,1.18650878906434,1.20961364746271,1.23194274902519,1.30601196289229
"P21f-CS_16-CS53","PND21","Control","2018_01_22",22,"M",60,"rACSF","rACSF",NA,"Luis","xx","2018_01_22_1015.atf","2018_01_22_1018.abf","0.0","",NA,NA,NA,NA,NA,NA,NA,NA,NA,NA,NA,NA,NA,NA,NA,NA,NA,NA,NA,NA,0.0725817871131005,0.4228100585974,0.63757812499625,0.81976623535277,0.98535827636605,1.09331054687883,1.17685485839458,1.2411560058583,1.24938598633174,1.30925415038946
"P21f-CS_17-CS54","PND21","Control","2018_01_24",20,"F",62,"rACSF","rACSF",NA,"Luis","xx","2018_01_24_1003.atf","2018_01_24_1006.abf","0.0","",0.326662597657008,0.787859497070576,0.998727416992423,1.15925354003983,1.19865783691431,1.2993853759768,1.32689636230494,1.36327270507588,1.33310424804962,1.42683898926306,NA,NA,NA,NA,NA,NA,NA,NA,NA,NA,0.0454510498046875,0.390328369141131,0.658189086914818,0.780971069336191,0.895433959961703,0.928232421875243,0.959114990234609,1.00967285156275,1.00832946777419,1.01529541015701
"P21f-CS_20","PND21","Control","2018_10_17",20,"M",63.5,"rACSF","Sucrose","7:00","Sunny","xx","2018_10_17_2010.atf","2018_10_17_2016.abf","0.0","",0.040619506835667,0.591361694338187,1.30819641113256,1.7184820556688,1.89035461425506,1.98867248535131,2.05087707519256,2.1325189209032,2.16961975097382,2.18678833008287,NA,NA,NA,NA,NA,NA,NA,NA,NA,NA,0.025756225586183,0.054372558594,0.220628662109116,0.730980224606626,1.21632690429662,1.52423889159882,1.71463134765851,1.85066040039038,1.94272827148414,1.99638977051006
"P21f-CS_21","PND21","Control","2018_10_18",21,"F",63,"rACSF","Sucrose","8:00","Luis","xx","2018_10_18_1000.atf","2018_10_18_1007.abf","0.0","",0.23916320800658,0.69638793945448,0.94076171874624,1.08331665038946,1.18785095215225,1.24066223144151,1.31270080566278,1.33267822265236,1.36154907226193,1.37388000488161,NA,NA,NA,NA,NA,NA,NA,NA,NA,NA,0.0229290771523498,0.2588897705115,0.75207580566289,1.07955932617071,1.29690307616813,1.48487182617063,1.59931518554566,1.68724487304324,1.73231384277712,1.80249450683223
"P21f-CS_22","PND21","Control","2018_10_19",22,"M",73,"rACSF","Sucrose","11:45","Scott","xx","2018_10_19_0000.atf","2018_10_19_0006.abf","0.0","",0.954269409179937,1.46913452148963,1.89524536133338,2.20872802734401,2.48240051269305,2.649743652349,2.85236206054712,2.94015502929463,3.04834899902618,3.16684265136495,0.87898864746166,1.3666961669935,1.87824096679862,2.28464660644888,2.55446166992713,2.87629394531276,3.06706848144806,3.19144592284932,3.35305786133088,3.49956665038837,0.3422058105482,0.95527343750048,1.55667114257898,2.12670593261911,2.54810485840039,2.96629333495954,3.41293029785287,3.67313232421785,3.8513854980507,4.02664489746728
"P21f-CS_23","PND21","Control","2018_10_19",22,"M",73,"rACSF","Sucrose","11:45","Luis","xx","2018_10_19_1017.atf","2018_10_19_1023.abf","0.0","",0.330389404294134,0.949624023437249,1.35340209961413,1.5420513916013,1.683356933596,1.76930480957005,1.85747741699444,1.86976806640349,1.91513183593725,1.95715759277569,NA,NA,NA,NA,NA,NA,NA,NA,NA,NA,0.0732409668016349,0.71710388183304,1.13711730957006,1.38294494628881,1.61195068359347,1.71067565917943,1.78745056152319,1.86817138671601,1.89902770996318,1.9308569335935
"P21f-CS_24","PND21","Control","2018_10_19",22,"M",73,"rACSF","Sucrose","11:45","Scott","xx","2018_10_19_0029.atf","2018_10_19_0036.abf","0.0","",0.198529052734755,1.25119323730493,1.86493835448994,2.29377441406526,2.44927978516125,2.57476806640875,2.72394714355719,2.76649169921875,2.78681945800518,2.81780700683868,NA,NA,NA,NA,NA,NA,NA,NA,NA,NA,0.604327392578365,1.60408935547401,2.62753295898961,3.67248229980243,4.53111267090117,5.30819396972932,5.9620452880912,6.51525268555213,6.90857238769306,7.20197753906275
"P21f-CS_25","PND21","Control","2018_12_06",20,"M",45,"rACSF","rACSF","8:45","Scott","R4","2018_12_06_0028.atf","2018_12_06_0035.abf","0.02","First IO done at 0.035mA",0.10545654296598,0.47305297851287,1.0101257324194,1.18549194336196,1.35054321289305,1.38804321288822,1.41068725585709,1.39324340820562,1.42100219726282,1.4713439941379,0.0912170410133699,0.12405395508062,0.54208374023188,0.93650512695546,1.12308959960709,1.23697509765865,1.32567749023202,1.36761474609138,1.46534423828409,1.51308593749772,0.75162963866929,1.63988647460697,2.73757934570574,3.81746826171617,4.84595947265386,5.80166625976833,6.67292480468995,7.34315185547101,8.0059204101588,8.50300903321054
"P21f-CS_26","PND21","Control","2018_12_06",20,"M",45,"rACSF","rACSF","8:45","Luis","R4","2018_12_06_1033.atf","2018_12_06_1041.abf","0.035","No",0.229929809570872,0.71392028808668,0.99785095214968,1.14371459961063,1.28555908203249,1.39434631347834,1.44477844238462,1.49081237793121,1.53090881347773,1.5701690673841,0.16490905761328,0.6494067382821,0.94508728027472,1.10303894043087,1.27414245605585,1.4057281494147,1.49996337890707,1.55150268554794,1.62762451172011,1.64776672363409,0.10699768066533,0.50307189941277,0.72647766113663,0.90530700683462,1.05619567871155,1.22398559570432,1.30373718261799,1.37607971191479,1.42430969238364,1.45449768066488
"P21f-CS_27","PND21","Control","2018_12_08",22,"F",63,"rACSF","rACSF","2:40","Scott","R3","2018_12_08_0016.atf","2018_12_08_0024.abf",".0.25","",0.30745849609114,1.2304382324191,1.54783325195066,1.69875488281003,1.74481811523705,1.78535766601317,1.87666625976318,1.94262084961179,1.95761108398182,1.94196166992421,0.10823974609621,0.31658325195046,0.97173461914306,1.45805053711199,1.66690673828375,1.77125854491929,1.891851806638,2.00288085937733,2.03449707031529,2.0505493164038,0.95934448242437,2.42503662109098,3.97232055663795,5.41273193359617,6.82500610356309,8.02805175778495,9.04111328122258,9.88292846676924,10.5643554687974,11.0688354491912
"P21f-S_1-S5","PND21","EtOH[50mM]","2017_07_12",20,"M",49,"rACSF","rACSF",NA,"Scott","xx","2017_07_12_0000.atf","2017_07_12_0004.abf","0.0","",0.062103271484375,0.8057861328175,0.9451904296925,1.06649780273938,1.17703247070312,1.30422973633313,1.3199462890625,1.377685546875,1.417968750005,1.44351196289062,NA,NA,NA,NA,NA,NA,NA,NA,NA,NA,0.948028564453125,1.8686218261682,2.61883544922375,3.15560913085654,3.56945800781693,3.83035278320551,4.03091430663967,4.15924072265783,4.26345825195121,4.29626464843392
"P21f-S_2-S6","PND21","EtOH[50mM]","2017_07_12",20,"M",49,"rACSF","rACSF",NA,"Scott","xx","2017_07_12_0012.atf","2017_07_12_0016.abf","0.0","",0.03399658203125,0.4764404296875,0.71881103515625,0.895477294921875,0.959014892578125,1.04510498046875,1.13259887695813,1.19271850586438,1.22921752929688,1.24990844727063,NA,NA,NA,NA,NA,NA,NA,NA,NA,NA,0,0,0,0,0,0,0,0,0,0
"P21f-S_3-S15","PND21","EtOH[50mM]","2018_01_24",20,"F",62,"rACSF","rACSF",NA,"Scott","xx","2018_01_24_0002.atf","2018_01_24_0006.abf","0.0","",NA,NA,NA,NA,NA,NA,NA,NA,NA,NA,NA,NA,NA,NA,NA,NA,NA,NA,NA,NA,0.0300903320348,0.6705017089832,1.34594726562336,1.67492675780915,1.89581298828003,2.04998779296534,2.19158935546726,2.22094726562158,2.25039672851727,2.27935791015959
"P21f-S_4-S16","PND21","EtOH[50mM]","2018_01_24",20,"F",62,"rACSF","rACSF",NA,"Scott","xx","2018_01_24_0014.atf","2018_01_24_0019.abf","0.0","",NA,NA,NA,NA,NA,NA,NA,NA,NA,NA,NA,NA,NA,NA,NA,NA,NA,NA,NA,NA,0.041656494140625,0.688690185551875,1.21899414063,1.51937866211438,1.7586669921875,1.89810180664563,1.95419311523938,2.02151489257812,2.08084106445813,2.11895751953125
"P21f-S_5","PND21","EtOH[50mM]","2018_06_28",22,"F",57,"rACSF","rACSF",NA,"Scott","xx","2018_06_28_0003.atf","2018_06_28_0008.abf","0.0","",0.042022705078125,0.2669677734375,0.948516845703125,1.46112060547375,1.77069091797375,1.97103881836438,2.04583740234375,2.17944335938,2.19741821289062,2.29028320313,NA,NA,NA,NA,NA,NA,NA,NA,NA,NA,0.45269775390625,1.1226806640675,1.7225341796875,2.450439453125,3.08724975586438,3.72079467773438,4.27450561523438,4.85684204102062,5.39138793945812,5.82659912109875
"P21f-S_6","PND21","EtOH[50mM]","2018_06_28",22,"F",57,"rACSF","rACSF",NA,"Scott","xx","2018_06_28_0016.atf","2018_06_28_0022.abf","0.0","",0.262298583984375,0.850616455078125,1.16333007813,1.41506958008313,1.5562744140675,1.62109375,1.688964843755,1.72946166992688,1.77218627930188,1.792236328125,NA,NA,NA,NA,NA,NA,NA,NA,NA,NA,0.31274414063,0.725555419921875,1.21685791016125,1.69525146484375,2.19293212891125,2.62875366210938,3.09164428711438,3.48052978515625,3.84747314453125,4.16189575195312
"P21f-S_7","PND21","EtOH[50mM]","2018_06_28",22,"F",57,"rACSF","rACSF",NA,"Luis","xx","2018_06_28_1030.atf","2018_06_28_1035.abf","0.0","",0.469893188476307,0.922031860356311,1.18919555664538,1.320368652346,1.417180175786,1.46632812500225,1.48992797851788,1.54631103515851,1.59041931152818,1.62469970703351,NA,NA,NA,NA,NA,NA,NA,NA,NA,NA,0.0754162597658751,0.402076416015879,0.749160766601811,0.98906555175857,1.16186218261744,1.31608276367263,1.43013671875073,1.48913146972732,1.56232116699246,1.59101135253981
"P21f-S_8","PND21","EtOH[50mM]","2018_10_17",20,"M",63.5,"rACSF","Sucrose","7:00","Scott","xx","2018_10_17_0008.atf","2018_10_17_0015.abf","0.0","",0.76378784179426,1.70293579101308,2.18667602539324,2.40229492187777,2.53957519531479,2.66369628906503,2.74792480468984,2.7885742187527,2.86334838867415,2.94903564453365,NA,NA,NA,NA,NA,NA,NA,NA,NA,NA,1.03005981445072,2.81625366211202,4.38055419922111,5.79291381836698,6.90166015625246,7.89191894532003,8.48245239258571,9.07261962890873,9.27078247070568,10.0203125000076
"P21f-S_9","PND21","EtOH[50mM]","2018_10_17",20,"M",63.5,"rACSF","Sucrose","7:00","Scott","xx","2018_10_17_0021.atf","2018_10_17_0026.abf","0.0","",0.172271728515875,1.07255554199243,1.37129821777541,1.51559143066481,1.59615783691431,1.64403686523513,1.68240966796949,1.63229980468826,1.6072418212893,1.58513183593775,NA,NA,NA,NA,NA,NA,NA,NA,NA,NA,0.21635131836311,0.5495544433604,0.91854858398505,1.23440246582139,1.50382080078206,1.70963439941512,1.8581024169935,1.9404235839855,1.99110717773618,2.11585693359486
"P21f-S_10","PND21","EtOH[50mM]","2018_10_18",21,"F",63,"rACSF","Sucrose","8:00","Scott","xx","2018_10_18_0030.atf","2018_10_18_0039.abf","0.0","",0.128277587890385,1.22132568359851,1.70903015137193,1.97244262695788,2.16045837402843,2.31393432617187,2.40557556152069,2.46257934570786,2.49346008301005,2.52986145019509,NA,NA,NA,NA,NA,NA,NA,NA,NA,NA,0.30010375976908,0.68949279784784,1.1293762207045,1.5344329834021,1.90038757324571,2.22858276367319,2.54241333008182,2.7843902587899,2.96010131836311,2.99871520995976
"P21f-S_11","PND21","EtOH[50mM]","2018_10_18",21,"F",63,"rACSF","Sucrose","8:00","Luis","xx","2018_10_18_1033.atf","2018_10_18_1041.abf","0.0","",0.03191955566278,0.36532409667844,1.1067053222619,1.5369964599621,1.78205505371203,1.9549127197277,2.02691589355593,2.10359802246202,2.20265502929814,2.25332336425893,NA,NA,NA,NA,NA,NA,NA,NA,NA,NA,0.1102893066442,0.85061096191535,1.67971618652472,2.02597839355584,2.2405419921894,2.3941357421894,2.50313720703251,2.58811279297066,2.65428833007987,2.75251037597785
"P21f-S_12","PND21","EtOH[50mM]","2018_10_19",22,"M",73,"rACSF","Sucrose","11:45","Luis","xx","2018_10_19_1003.atf","2018_10_19_1008.abf","0.0","",0.060610351562738,0.787943725586676,1.60953674316433,1.92427185059119,2.1345288085915,2.3050787353493,2.35962280273963,2.38646911621119,2.44765930176056,2.41919006347933,NA,NA,NA,NA,NA,NA,NA,NA,NA,NA,0.10171325683704,0.69968505859448,1.08628479003959,1.28670959472778,1.50779663086065,1.60356262207101,1.69906005859495,1.76560180664135,1.86311645507945,1.90003723144661
"P21f-S_13","PND21","EtOH[50mM]","2018_10_19",22,"M",73,"rACSF","Sucrose","11:45","Scott","xx","2018_10_19_0011.atf","2018_10_19_0017.abf","0.0","",1.45103149414184,2.15846557617051,2.35755004882446,2.43927001953266,2.52232666016025,2.54010009765973,2.55803222655898,2.58857116698858,2.60929870605595,2.59117431640536,NA,NA,NA,NA,NA,NA,NA,NA,NA,NA,0.0700225830112102,1.00790100097298,1.77607116699099,2.14213256836312,2.40676269531394,2.64116516113136,2.69942626953268,2.82511596680069,2.88263244628516,2.87807312012127
"P21f-S_14","PND21","EtOH[50mM]","2018_12_06",20,"M",45,"rACSF","rACSF","8:45","Scott","R2","2018_12_06_0015.atf","2018_12_06_0023.abf","0.025","",0.38079833984636,1.27980346679925,1.5839660644557,1.73321533203372,1.80543212890871,1.7966918945339,1.83701782226829,1.86658325195574,1.86057739258084,1.84601440429927,0.10938110351295,0.45819702148221,1.16007690429926,1.45994262695546,1.64962768554931,1.78796386719006,1.87126464844009,1.87500610351837,1.93629150390878,1.94185791015896,0.72626953125261,1.74123535156501,2.9532775878933,4.14124145508582,5.28024291992412,6.21212768554928,7.05936889649181,7.66469116211676,8.2347290039139,8.62555541992937
"P21f-S_15","PND21","EtOH[50mM]","2018_12_08",22,"F",63,"rACSF","rACSF","2:40","Scott","L3","2018_12_08_0000.atf","2018_12_08_0011.abf","0.035","",0.246380615234375,0.780316162109375,1.1603271484425,1.40284423828125,1.53494262695813,1.60162353516125,1.68616333008312,1.70989379882813,1.74860229492687,1.78182373046875,0.050579833984375,0.459136962890625,0.9936767578175,1.17862548828125,1.32417602539062,1.42427978516125,1.52022094727062,1.53903198242688,1.61209716797375,1.60794067382812,0.739746093755,2.00419311523937,3.4120361328175,4.74475708008312,5.90635986328625,6.82989501953125,7.6013916015625,8.153271484375,8.52144165039562,8.85516357422375
"P21f-S_16","PND21","EtOH[50mM]","2018_12_08",22,"F",63,"rACSF","rACSF","2:40","Luis","R3","2018_12_08_1000.atf","2018_12_08_1009.abf","0.035","",0.411937866211067,0.947481079106447,1.17812866210799,1.34195007324456,1.42157531738768,1.49359436034895,1.59361572266111,1.65893005371332,1.65326110839706,1.69955444336175,0.16076019287073,0.580486145019418,0.960633239748471,1.12955841064316,1.26587646484236,1.38430938720565,1.42999908447377,1.50804901123292,1.500710754392,1.58621368407951,0.218157043457157,0.58672302246156,0.808855895996223,0.937360839844359,1.12204254150394,1.23145843506363,1.32173034668104,1.36851898193613,1.40116424560174,1.45684539795424
"P21f-SS_1-SS9","PND21","EtOH[100mM]","2017_06_22",20,"M",48,"rACSF","rACSF",NA,"Scott","xx","2017_06_22_0000.atf","2017_06_22_0004.abf","0.0","",NA,NA,NA,NA,NA,NA,NA,NA,NA,NA,0.16076019287073,0.580486145019418,0.960633239748471,1.12955841064316,1.26587646484236,1.38430938720565,1.42999908447377,1.50804901123292,1.500710754392,1.58621368407951,NA,NA,NA,NA,NA,NA,NA,NA,NA,NA
"P21f-SS_2-SS10","PND21","EtOH[100mM]","2017_06_22",20,"M",48,"rACSF","rACSF",NA,"Scott","xx","2017_06_22_0008.atf","2017_06_22_0012.abf","0.0","",NA,NA,NA,NA,NA,NA,NA,NA,NA,NA,0.16076019287073,0.580486145019418,0.960633239748471,1.12955841064316,1.26587646484236,1.38430938720565,1.42999908447377,1.50804901123292,1.500710754392,1.58621368407951,0.07516479492449,0.3228759765654,0.58367919922294,0.73452758789123,0.887908935547535,1.01718139648606,1.12268066406638,1.12844848633227,1.19119262695377,1.20611572265883
"P21f-SS_3-SS11","PND21","EtOH[100mM]","2017_06_22",20,"M",48,"rACSF","rACSF",NA,"Scott","xx","2017_06_22_0024.atf","2017_06_22_0028.abf","0.0","",NA,NA,NA,NA,NA,NA,NA,NA,NA,NA,0.16076019287073,0.580486145019418,0.960633239748471,1.12955841064316,1.26587646484236,1.38430938720565,1.42999908447377,1.50804901123292,1.500710754392,1.58621368407951,0.12200927734302,0.41250610351316,0.57546997070639,0.67803955078125,0.85693359375,0.91217041016125,1.01559448241885,1.05313110351808,1.123046875005,1.20718383789062
"P21f-SS_4-SS12","PND21","EtOH[100mM]","2017_06_23",21,"F",49,"rACSF","rACSF",NA,"Scott","xx","2017_06_23_0000.atf","2017_06_23_0005.abf","0.0","",0.14935302734736,0.38464355469042,0.61410522461047,0.69497680664391,0.82608032226187,0.91320800781159,0.94070434570662,1.02905273437651,1.11090087890834,1.12097167969079,NA,NA,NA,NA,NA,NA,NA,NA,NA,NA,0.61846923828286,1.07858276367505,1.32345581054391,1.39065551757597,1.44882202148705,1.4948730468717,1.55068969726884,1.56115722655901,1.65875244140406,1.66271972656013
"P21f-SS_5-SS13","PND21","EtOH[100mM]","2017_06_23",21,"F",49,"rACSF","rACSF",NA,"Scott","xx","2017_06_23_0017.atf","2017_06_23_0021.abf","0.0","",NA,NA,NA,NA,NA,NA,NA,NA,NA,NA,NA,NA,NA,NA,NA,NA,NA,NA,NA,NA,0.35562133788844,0.69305419921561,0.9117736816392,1.00939941406581,1.12222290039381,1.19836425781431,1.23303222656523,1.25439453125357,1.32870483398695,1.31893920898782
"P21f-SS_6-SS14","PND21","EtOH[100mM]","2017_06_23",21,"F",49,"rACSF","rACSF",NA,"Scott","xx","2017_06_23_0025.atf","2017_06_23_0029.abf","0.0","",NA,NA,NA,NA,NA,NA,NA,NA,NA,NA,NA,NA,NA,NA,NA,NA,NA,NA,NA,NA,0.14871215819939,0.48724365234503,0.68389892577898,0.77261352539399,0.80722045898224,0.89617919922184,0.92242431640766,0.89245605469082,0.90914916992038,0.89367675780923
"P21f-SS_7-SS15","PND21","EtOH[100mM]","2017_06_24",22,"F",56,"rACSF","rACSF",NA,"Scott","xx","2017_06_24_0000.atf","2017_06_24_0004.abf","0.0","",0.59790039062721,1.15914916992041,1.38757324218489,1.44686889648152,1.48202514648438,1.59518432617688,1.62728881835938,1.59481811523438,1.6842041015625,1.67263793945813,NA,NA,NA,NA,NA,NA,NA,NA,NA,NA,0.60876464843874,1.36703491211293,2.05346679687184,2.60430908203427,2.99594116211067,3.31317138671595,3.53857421875103,3.68328857422212,3.8137817382777,3.91113281250136
"P21f-SS_8-SS16","PND21","EtOH[100mM]","2017_06_24",22,"F",56,"rACSF","rACSF",NA,"Scott","xx","2017_06_24_0008.atf","2017_06_24_0011.abf","0.0","",NA,NA,NA,NA,NA,NA,NA,NA,NA,NA,NA,NA,NA,NA,NA,NA,NA,NA,NA,NA,0.03689575195665,0.53961181640416,0.864837646486275,1.01437377930031,1.16424560547374,1.25399780273938,1.28839111327934,1.31384277343385,1.33612060547035,1.37393188477009
"P21f-SS_9-SS17","PND21","EtOH[100mM]","2017_06_24",22,"F",56,"rACSF","rACSF",NA,"Scott","xx","2017_06_24_0016.atf","2017_06_24_0020.abf","0.0","",0.46185302734375,1.11386108398438,1.32266235351562,1.42822265625,1.47329711914062,1.51016235351562,1.5535888671925,1.58474731445813,1.60491943359375,1.66119384765625,NA,NA,NA,NA,NA,NA,NA,NA,NA,NA,0.54583740234375,1.345947265625,2.07839965820312,2.67684936523938,3.1365966796875,3.51641845703125,3.7777099609375,4.00949096680187,4.16912841796875,4.27880859375
"P21f-SS_10-SS18","PND21","EtOH[100mM]","2017_06_24",22,"F",56,"rACSF","rACSF",NA,"Scott","xx","2017_06_24_0024.atf","2017_06_24_0028.abf","0.0","",NA,NA,NA,NA,NA,NA,NA,NA,NA,NA,NA,NA,NA,NA,NA,NA,NA,NA,NA,NA,0.2034912109375,0.77886962890625,0.97015380859375,1.12762451171875,1.20941162109375,1.34652709961438,1.36712646484875,1.4056396484375,1.42315673828125,1.43612670898438
"P21f-SS_11","PND21","EtOH[100mM]","2018_06_26",20,"F",51.8,"rACSF","rACSF",NA,"Scott","xx","2018_06_26_0000.atf","2018_06_26_0005.abf","0.0","",0.058929443359375,0.70025634765625,1.3314208984375,1.528076171875,1.65533447265625,1.75637817383313,1.77578735351562,1.815429687505,1.83212280273938,1.8253173828125,NA,NA,NA,NA,NA,NA,NA,NA,NA,NA,0.541473388671875,1.27328491211438,2.05606079101562,2.806152343755,3.535644531255,4.2117919921875,4.8463134765625,5.39691162109375,5.74652099609875,6.17703247070812
"P21f-SS_12","PND21","EtOH[100mM]","2018_06_26",20,"F",51.8,"rACSF","rACSF",NA,"Luis","xx","2018_06_26_1003.atf","2018_06_26_1008.abf","0.0","",0.099156494140878,0.465653076171619,0.880145874028187,1.02134826660132,1.12029174804662,1.15576721191632,1.13926635742664,1.12491027832006,1.13072570800756,1.15573059082006,NA,NA,NA,NA,NA,NA,NA,NA,NA,NA,0.0376806640588701,0.04790161133184,0.27873718261595,0.54949829101697,0.86023498534776,1.05320739745715,1.18303588867059,1.28048095702986,1.32629699706652,1.33557189941028
"P21f-SS_13","PND21","EtOH[100mM]","2018_06_26",20,"F",51.8,"rACSF","rACSF",NA,"Luis","xx","2018_06_26_1017.atf","2018_06_26_1022.abf","0.0","",0.0301019287072402,0.31781311035011,0.63732482910276,0.98097839355348,1.17685119629281,1.35772216796487,1.52869750976924,1.6273010253943,1.62195739745724,1.68991516113154,NA,NA,NA,NA,NA,NA,NA,NA,NA,NA,0.0266888427746599,0.0887152099647399,0.42517517089464,0.8603460693371,1.16606445312622,1.35801391601668,1.44238586425661,1.45208068847533,1.48412780761592,1.52651855468873
"P21f-SS_14","PND21","EtOH[100mM]","2018_10_18",21,"F",63,"rACSF","Sucrose","8:00","Scott","xx","2018_10_18_0020.atf","2018_10_18_0025.abf","0.0","",0.0978729248058601,0.664471435546491,1.13233642578601,1.44893493652568,1.62714538574195,1.6897064209032,1.76072692871569,1.8159210205116,1.86425781249869,1.88554992675927,NA,NA,NA,NA,NA,NA,NA,NA,NA,NA,0.300973510742425,0.773449707028514,1.32003173828102,1.8301116943407,2.2520416259738,2.65213623047099,2.97167663574694,3.27462768555162,3.43591918945786,3.50196838379131
"P21f-SS_15","PND21","EtOH[100mM]","2018_10_18",21,"F",63,"rACSF","Sucrose","8:00","Luis","xx","2018_10_18_1016.atf","2018_10_18_1021.abf","0.0","",0.04606323242293,0.843681640625363,1.36329772949344,1.63614501953246,1.79797790527475,1.88205627441589,1.94147521972778,2.01045043945491,2.03933288574325,2.05040161133087,NA,NA,NA,NA,NA,NA,NA,NA,NA,NA,0.0258514404310899,0.586979980468711,1.36256469726736,1.74884887695388,1.9388397216815,2.11438842773214,2.22446411133179,2.33076049804504,2.33766845702986,2.38818786621175
"P28f-AP5F_1-AP14","PND28","AP5[50uM]","2017_11_23",27,"F",88,"rACSF","rACSF",NA,"Scott","xx","2017_11_23_0003.atf","2017_11_23_0006.abf","0","",0.54461669921875,1.13711547851562,1.4290771484375,1.58670043945312,1.7144775390675,1.80130004882812,1.83251953125,1.92108154297375,1.98657226563,2.01809692383313,NA,NA,NA,NA,NA,NA,NA,NA,NA,NA,0.4710388183619,1.14230346679947,1.74673461914352,2.19665527343965,2.60888671875244,2.86370849610167,3.08660888672587,3.13827514648699,3.24847412109619,3.34716796875229
"P28f-AP5F_2-AP15","PND28","AP5[50uM]","2017_11_23",27,"F",88,"rACSF","rACSF",NA,"Scott","xx","2017_11_23_0017.atf","2017_11_23_0020.abf","0","",0.494354248046875,1.08633422851562,1.42254638671875,1.61666870117688,1.7825927734375,1.88516235351562,1.96197509765625,2.0029296875,2.03051757813,2.065429687505,NA,NA,NA,NA,NA,NA,NA,NA,NA,NA,0.58233642578125,1.35317993164062,2.01593017578625,2.55990600586438,2.95846557617188,3.22927856445813,3.43392944336437,3.59677124023937,3.70217895507812,3.71246337891125
"P28f-AP5F_3-AP16","PND28","AP5[50uM]","2017_11_24",28,"M",99,"rACSF","rACSF",NA,"Scott","xx","2017_11_24_0001.atf","2017_11_24_0004.abf","0.0","",1.14242553710938,2.05337524414563,2.49661254883313,2.61151123046875,2.75311279296875,2.87933349609375,2.90814208984875,2.92947387695312,3.00982666015625,3.0079345703175,NA,NA,NA,NA,NA,NA,NA,NA,NA,NA,0.23486328125,1.42630004883313,1.97552490234875,2.31707763671875,2.49340820313,2.72177124023438,2.85220336914563,2.94021606445813,3.02297973632812,3.03555297852063
"P28f-AP5F_4-AP17","PND28","AP5[50uM]","2017_11_24",28,"M",99,"rACSF","rACSF",NA,"Luis","xx","2017_11_24_1000.atf","2017_11_24_1006.abf","0.0","",0.12326263427545,0.73610534668281,1.12367523193668,1.3705429077168,1.50937927245928,1.57308380127007,1.71183319092227,1.73164855956716,1.75939331054622,1.79598907470521,NA,NA,NA,NA,NA,NA,NA,NA,NA,NA,0.0951229858368301,0.60922576904394,1.11729461669965,1.38234191894588,1.52285858154422,1.70777648925901,1.82192810058719,1.91980316162166,1.95319702148479,1.96286773681682
"P28f-AP5F_5-AP18","PND28","AP5[50uM]","2017_11_24",28,"M",99,"rACSF","rACSF",NA,"Scott","xx","2017_11_24_0018.atf","2017_11_24_0022.abf","0.0","",NA,NA,NA,NA,NA,NA,NA,NA,NA,NA,NA,NA,NA,NA,NA,NA,NA,NA,NA,NA,0.278045654296875,1.19808959961438,1.64837646484375,1.89547729492688,2.07131958008313,2.15850830078625,2.25225830078125,2.27828979492688,2.3489990234425,2.33346557617188
"P28f-AP5W_6","PND28","AP5[50uM]","2018_10_24",27,"F",88,"rACSF","rACSF","9:15","Luis","R4","2018_10_24_1015.atf","2018_10_24_1020.abf","0.04","",0.092625732421875,0.808947143555188,1.33575439453125,1.54179138184096,1.66142944335939,1.71458923339601,1.76824523926281,1.77437866210687,1.80338684082267,1.78731140136443,NA,NA,NA,NA,NA,NA,NA,NA,NA,NA,0.0638543701215799,0.50121856689656,0.9550924682647,1.21542785644727,1.34462768554369,1.46372894287172,1.51020538330266,1.55718994140334,1.59020141601746,1.6053079223664
"P28f-AP5W_7","PND28","AP5[50uM]","2018_12_13",27,"F",88,"rACSF","rACSF","12:45","Scott","L3","2018_12_13_0003.atf","2018_12_13_0012.abf","0.04","",0.27469482422111,0.92335815429923,1.26362915039315,1.44214477539314,1.58196411133017,1.6847656249976,1.73711547851337,1.80248413085684,1.85080566406509,1.93118286132579,0.034429931640625,0.599737548828125,0.99139404296875,1.18645629882813,1.39308471680187,1.50882568359375,1.59806518554688,1.65293579102063,1.7103759765675,1.76416625976562,0.4001708984375,1.09866943359375,1.89487304688,2.6506591796925,3.28766479492187,3.77666625977063,4.176464843755,4.45274047851562,4.64840698242687,4.82908325195812
"P28f-AP5W_8","PND28","AP5[50uM]","2018_12_13",27,"F",88,"rACSF","rACSF","12:45","Luis","R3","2018_12_13_1013.atf","2018_12_13_1022.abf","0.03","",0.25288146972851,0.90070983886408,1.29277862548398,1.40348052978086,1.52228973388872,1.5847213745149,1.58581848144472,1.63422485351502,1.66262969971028,1.68042510986015,0.075584716797257,0.469978637695419,0.814270629887685,0.98721649170159,1.09036956787346,1.17165466308957,1.20922302246581,1.2353009033202,1.28435974121581,1.32331604003894,0.058745727538708,0.341058654785039,0.506171264648566,0.6412896728522,0.762284240722529,0.869742126464971,0.941128540039695,0.973062744140497,1.01658142089857,1.02031158447279
"P28f-AP5W_9","PND28","AP5[50uM]","2018_12_14",28,"M",85,"rACSF","rACSF","2:55","Luis","L3","2018_12_14_1000.atf","2018_12_14_1009.abf","0.04","",0.35257781982478,1.10139678955141,1.42237304687181,1.55069671630679,1.61039154053058,1.66578063965046,1.74556335449648,1.75512573242249,1.797892150877,1.77335418701367,0.074814758301162,0.633354797360671,0.972251892085961,1.14571289062362,1.29132659912096,1.36764587402332,1.42896789550896,1.46116302490096,1.50630767822003,1.50781677246082,0.04527282714398,0.89453674316436,1.30670196533251,1.46169555664144,1.58387115478577,1.73962615966843,1.76459808349725,1.8523034667977,1.89724121093858,1.95143859863367
"P28f-AP5W_10","PND28","AP5[50uM]","2018_12_14",28,"M",85,"rACSF","rACSF","2:55","Luis","R2","2018_12_14_1014.atf","2018_12_14_1023.abf","0.03","",0.550384827,1.625641785,2.029309082,2.189570618,2.285100403,2.339879761,2.400610657,2.461716919,2.47130188,2.472078247,0.065480347,0.81574707,1.435515747,1.682287903,1.890431213,2.000028992,2.054370117,2.019788818,2.084371643,2.144696045,0.054972229,0.645874329,1.080830383,1.319531555,1.534981079,1.635967407,1.738518982,1.790523987,1.865597534,1.871105957
"P28f-CS_2-CS7","PND28","Control","2017_06_30",27,"M",90,"rACSF","rACSF",NA,"Sunny","xx","2017_06_30_2000.atf","2017_06_30_2003.abf",NA,"",0.0760528564440097,0.60405883789191,1.11503601074079,1.37588806151958,1.61278076172239,1.80297241210556,1.89804687499863,2.0815490722619,2.14993896484737,2.23197326660292,NA,NA,NA,NA,NA,NA,NA,NA,NA,NA,0.54189758300652,0.94292297363657,1.38118896484006,1.78540649413678,2.12933349609754,2.4398956298883,2.6617095947361,2.8435241699309,2.9775390625054,3.0619049072344
"P28f-CS_3-CS8","PND28","Control","2017_06_30",27,"M",90,"rACSF","rACSF",NA,"Sunny","xx","2017_06_30_2010.atf","2017_06_30_2013.abf","0.0","",0.10123901367554,0.71264648437635,1.66985778808224,2.30699462890243,2.87913208007682,3.10342407226946,3.39125976562381,3.52224426269146,3.61257324218615,3.74319458007957,NA,NA,NA,NA,NA,NA,NA,NA,NA,NA,1.38318481445434,2.41578979492544,3.38297424316281,4.26449890136588,5.016000366207,5.61788635254303,6.12750244140254,6.47275695800657,6.76972351074102,6.95473632812621
"P28f-CS_4-CS9","PND28","Control","2017_07_01",28,"M",93,"rACSF","rACSF",NA,"Sunny","xx","2017_07_01_2000.atf","2017_07_01_2003.abf","0","",0.252871704102779,0.776229858394791,1.00153198242558,1.15972900390244,1.35998840331911,1.3875030517539,1.43974304198837,1.39470214843384,1.4165039062462,1.48529968262085,NA,NA,NA,NA,NA,NA,NA,NA,NA,NA,0.0431274414062525,0.0763427734375,0.093664550781355,0.104653930664312,0.176675415039315,0.147409057617436,0.197473144531501,0.167056274414175,0.189916992188068,0.218560791015877
"P28f-CS_5-CS10","PND28","Control","2017_07_01",28,"M",93,"rACSF","rACSF",NA,"Sunny","xx","2017_07_01_2007.atf","2017_07_01_2010.abf",NA,"",0.314935302733161,1.01700439452987,1.49506835937383,1.65577087402469,1.80837707519161,1.93710021972776,2.00608520507693,2.05740356445183,2.12289428711309,2.17351074218614,NA,NA,NA,NA,NA,NA,NA,NA,NA,NA,0.49024353026989,0.75483093261609,1.06165771484002,1.30127868652469,1.51487731933215,1.6159027099645,1.76015319824097,1.84223327637094,1.9052490234385,1.9675292968763
"P28f-CS_6-CS12","PND28","Control","2017_08_31",28,"M",95,"rACSF","rACSF",NA,"Scott","xx","2017_08_31_0000.atf","2017_08_31_0003.abf","0.0","",0.291900634765765,0.53295898437746,0.65115356445501,0.72647094726365,0.81015014648165,0.87353515625303,0.92648315429882,0.97488403320685,1.03625488281397,1.07406616211091,NA,NA,NA,NA,NA,NA,NA,NA,NA,NA,0.852813720703125,1.66888427734375,2.28189086914062,2.74655151367688,3.1307373046925,3.36251831054688,3.51510620117188,3.62765502929688,3.73385620117188,3.76239013672375
"P28f-CS_7-CS13","PND28","Control","2017_08_31",28,"M",95,"rACSF","rACSF",NA,"Scott","xx","2017_08_31_0008.atf","2017_08_31_0011.abf","0.0","",0.268890380859375,0.487823486328125,0.607666015625,0.69732666015625,0.67236328125,0.733184814453125,0.720916748046875,0.73297119140625,0.742645263671875,0.733428955078125,NA,NA,NA,NA,NA,NA,NA,NA,NA,NA,0.232330322265625,0.4281005859375,0.52337646484375,0.614227294921875,0.625518798828125,0.6800537109425,0.704071044921875,0.699859619140625,0.7115478515625,0.713165283203125
"P28f-CS_8-CS18","PND28","Control","2017_08_31",28,"M",95,"rACSF","rACSF",NA,"Luis","xx","2017_08_31_1000.atf","2017_08_31_1004.abf","0.0","",NA,NA,NA,NA,NA,NA,NA,NA,NA,NA,NA,NA,NA,NA,NA,NA,NA,NA,NA,NA,0.35616455078305,0.83642120361522,1.10533599853938,1.24033813476119,1.36849389076196,1.41329674721218,1.45668511390902,1.50815758704726,1.54958214760022,1.55919365882699
"P28f-CS_9-CS21","PND28","Control","2017_09_01",29,"F",104,"rACSF","rACSF",NA,"Luis","xx","2017_09_01_1000.atf","2017_09_01_1003.abf","0.0","",0.40879980325737,0.98478557679069,1.29850172102439,1.40002914071103,1.50438399910954,1.56988232445754,1.59066329598455,1.653581416607,1.68791216611901,1.70274523496608,NA,NA,NA,NA,NA,NA,NA,NA,NA,NA,0.036599731445186,0.391174361109874,0.797979810833499,1.04137124419206,1.19369516497866,1.25213479399672,1.33870095610609,1.42010207772456,1.4493333399266,1.48250899910629
"P28f-CS_10-CS32","PND28","Control","2017_11_24",28,"M",99,"rACSF","rACSF",NA,"Sunny","xx","2017_11_24_2000.atf","2017_11_24_2003.abf","0.0","",0.33206176757953,1.23080749511609,1.94796142578243,2.34905700683223,2.61354675292843,2.77757873535033,2.93911132812109,3.11911315917842,3.20909118652474,3.30137023925906,NA,NA,NA,NA,NA,NA,NA,NA,NA,NA,2.83165893555079,4.84759826659784,6.57391662597541,7.96511230473613,9.0382629394394,9.82414855961901,10.413739013683,10.8538116455065,11.2315979004019,11.495129394555
"P28f-CS_11-CS33","PND28","Control","2017_11_24",28,"M",99,"rACSF","rACSF",NA,"Sunny","xx","2017_11_24_2008.atf","2017_11_24_2012.abf","0.0","",1.14811096191539,2.24551086425404,2.68514709472804,2.87313232422001,3.04942016601925,3.16157226562875,3.22508239746216,3.23624267578601,3.33070068359253,3.32512207031474,NA,NA,NA,NA,NA,NA,NA,NA,NA,NA,0.91244506835828,1.75619506835567,2.28302001953272,2.64125976562375,2.85605163573828,3.0030303955066,3.09457702636837,3.17137451172263,3.22341918944938,3.23863830566288
"P28f-CS_12-CS34","PND28","Control","2017_11_25",29,"M",99,"rACSF","rACSF",NA,"Luis","xx","2017_11_25_1004.atf","2017_11_25_1007.abf","0.0","",0.0336105346685596,0.366315307617969,0.66728332519349,0.90274261474904,1.03885467529605,1.19128143310347,1.2827761840802,1.36062347412156,1.43734100341859,1.54169281005919,NA,NA,NA,NA,NA,NA,NA,NA,NA,NA,0.03632263183919,0.35247161865425,0.83655792236781,1.07347747803051,1.3639102172846,1.60780273437323,1.73781036376767,1.81318878173895,1.85474334716495,1.91372833252377
"P28f-CS_13-CS35","PND28","Control","2017_11_25",29,"M",99,"rACSF","rACSF",NA,"Sunny","xx","2017_11_25_2003.atf","2017_11_25_2006.abf","0.0","",0.65787048339995,1.39836730956665,1.79762573242313,2.09081420898059,2.29689941406634,2.45465698242065,2.6385650634753,2.71394348144157,2.77102966308457,2.81925354004289,NA,NA,NA,NA,NA,NA,NA,NA,NA,NA,9.98777770996267,16.9450897216911,22.3865631103828,26.5391967773381,29.8747924804635,32.2541717528999,34.0694732666319,35.4208770752014,36.4890014648143,37.3055206298889
"P28f-CS_18-CS60","PND28","Control","2018_01_28",28,"F",96,"rACSF","rACSF",NA,"Luis","xx","2018_01_28_1003.atf","2018_01_28_1008.abf","0.0","",0.17519592284791,0.94767700195428,1.46655334472782,1.78538024902484,1.91347595215004,2.08971313476746,2.14165222168137,2.18725952148586,2.22276672363468,2.2910693359437,NA,NA,NA,NA,NA,NA,NA,NA,NA,NA,0.0433941650377401,0.35115600586003,1.01564880371227,1.42286987304864,1.6294177246106,1.84144104004037,1.92423583984519,2.05998840332166,2.15325378418071,2.20941772461074
"P28f-CS_19-CS61","PND28","Control","2018_01_28",28,"F",96,"rACSF","rACSF",NA,"Scott","xx","2018_01_28_0009.atf","2018_01_28_0014.abf","0.0","",NA,NA,NA,NA,NA,NA,NA,NA,NA,NA,NA,NA,NA,NA,NA,NA,NA,NA,NA,NA,0.058624267578125,0.185089111328125,1.39529418945312,2.23831176758313,2.66085815429688,2.92587280273438,3.16821289063,3.33963012695813,3.43722534180188,3.5023193359375
"P28f-CS_20-CS62","PND28","Control","2018_01_28",28,"F",96,"rACSF","rACSF",NA,"Luis","xx","2018_01_28_1015.atf","2018_01_28_1021.abf","0.0","",0.117127685547124,1.23998535156325,1.759367675779,1.94581848145056,2.07863830566681,2.15132751464869,2.18837890625025,2.16128906249776,2.20180053710713,2.20857116699244,NA,NA,NA,NA,NA,NA,NA,NA,NA,NA,0.05255187988168,0.5873150634753,1.3888134765612,1.84537475585554,2.04924255371474,2.24071594238391,2.36806457519657,2.44206726074591,2.50149902343867,2.57284667968372
"P28f-CS_21-CS63","PND28","Control","2018_01_31",27,"M",108,"rACSF","rACSF",NA,"Scott","xx","2018_01_31_0004.atf","2018_01_31_0008.abf","0.0","",0.06158447265625,0.908203125,1.55953979492188,1.9986572265675,2.3363037109375,2.5570068359375,2.67642211914062,2.73672485352063,2.83230590820813,2.95846557617188,NA,NA,NA,NA,NA,NA,NA,NA,NA,NA,0.0484619140625,0.234832763671875,0.9996337890625,1.71612548828625,2.32852172852063,2.8218994140625,3.11752319335938,3.327636718755,3.48590087891125,3.56478881836438
"P28f-CS_22-CS64","PND28","Control","2018_01_31",27,"M",108,"rACSF","rACSF",NA,"Luis","xx","2018_01_31_1000.atf","2018_01_31_1005.abf","0.0","",0.256291503906503,0.8152416992235,1.15832214355192,1.41626464844225,1.60719848632788,1.72615356445538,1.78806640624975,1.87884399414287,1.93118774414538,1.98125793457005,NA,NA,NA,NA,NA,NA,NA,NA,NA,NA,0.02938964843893,0.58494750976446,1.04049743652224,1.26308654785285,1.40802124023562,1.58207824707162,1.70018127441006,1.84815917968622,1.89483642577998,2.00605407714468
"P28f-CS_23-CS65","PND28","Control","2018_01_31",27,"M",108,"rACSF","rACSF",NA,"Luis","xx","2018_01_31_1009.atf","2018_01_31_1013.abf","0.0","",0.0518676757849399,0.474236450196711,1.16208007812226,1.54960327148162,1.75900756836163,1.85764465332006,1.99118652343476,2.0294683837863,2.06617126465069,2.12103759765351,NA,NA,NA,NA,NA,NA,NA,NA,NA,NA,0.0452661132849099,0.6699566650403,1.31714599609016,1.62025634765255,1.84151367187357,1.98732788085812,2.09858825683458,2.18102050781626,2.21581359863396,2.23178527832151
"P28f-CS_24-CS66","PND28","Control","2018_02_01",28,"M",111,"rACSF","rACSF",NA,"Luis","xx","2018_02_01_1000.atf","2018_02_01_1003.abf","0.0","",0.0337921142564701,0.52128417969119,1.02132751464976,1.19888305663941,1.28147399901963,1.37550415039171,1.37381774902719,1.41787353516007,1.44940124511444,1.44872924804437,NA,NA,NA,NA,NA,NA,NA,NA,NA,NA,0.111662597656107,0.774169921874747,1.05228149414038,1.167355957036,1.22934143066397,1.2736724853563,1.34522583008038,1.35248107910132,1.39329772948944,1.40838745117662
"P28f-CS_25-CS67","PND28","Control","2018_02_01",28,"M",111,"rACSF","rACSF",NA,"Luis","xx","2018_02_01_1012.atf","2018_02_01_1016.abf","0.0","",0.0362896728518091,0.873253173832867,1.66966979980943,1.95040893554913,2.12932861328351,2.24277832031725,2.3317620849632,2.3832934570335,2.41014099120819,2.46692626953375,NA,NA,NA,NA,NA,NA,NA,NA,NA,NA,0.0379522705080581,0.0722790527341379,0.94916503906725,1.47320983886444,1.84261352539037,2.01937377930162,2.08413208007787,2.14282165527817,2.25233703613757,2.28520446777567
"P28f-CS_26","PND28","Control","2018_08_13",28,"F",96.8,"rACSF","Sucrose",NA,"Luis","xx","2018_08_13_1000.atf","2018_08_13_1005.abf","0","",0.403868408203875,1.12405456543044,1.56072631835963,1.73410949707556,1.84014892578651,1.885954589849,1.92316528320338,1.948732910159,1.94521545410182,1.97516906738555,NA,NA,NA,NA,NA,NA,NA,NA,NA,NA,0.0899230957069204,0.58316162109501,1.16136596680056,1.38687011718367,1.51846984863649,1.57694885253796,1.66420410156118,1.68783691406367,1.66487060546495,1.699679565431
"P28f-CS_27","PND28","Control","2018_08_13",28,"F",96.8,"rACSF","Sucrose",NA,"Sunny","xx","2018_08_13_2005.atf","2018_08_13_2008.abf","0","",0.0163891601551001,0.0709783935559303,0.37963989257697,0.72204101562367,1.14499999999632,1.45547973632452,1.75343444824601,1.97575012207399,2.16914184570187,2.25109191894424,NA,NA,NA,NA,NA,NA,NA,NA,NA,NA,0.00877319335581017,0.11731201171993,0.53467041015244,0.99790161132438,1.49158874511837,1.92808410644151,2.28275939941769,2.612420043944,2.80261535644161,2.99435485839468
"P28f-CS_28","PND28","Control","2018_08_13",28,"F",96.8,"rACSF","Sucrose",NA,"Luis","xx","2018_08_13_1013.atf","2018_08_13_1016.abf","0","",0.20752319335565,0.97874084473021,1.32244384765248,1.45434753417853,1.55210693359003,1.64864318847775,1.66205444336006,1.71304992675906,1.75719970703188,1.79358642578253,NA,NA,NA,NA,NA,NA,NA,NA,NA,NA,0.0481030273450598,0.65736816406382,1.11695129394656,1.29782653808226,1.39531738280889,1.48089599608999,1.59736999511845,1.59243041992256,1.59936767578198,1.66033935547008
"P28f-CS_29","PND28","Control","2018_08_13",28,"F",96.8,"rACSF","Sucrose",NA,"Sunny","xx","2018_08_13_2018.atf","2018_08_13_2021.abf","0","",0.0066912841796875,0.205935058594,0.692591552735112,1.00479858398487,1.16346984863531,1.28009521484375,1.38309936523438,1.47409057617188,1.55219604492688,1.59818176270057,NA,NA,NA,NA,NA,NA,NA,NA,NA,NA,0.0197467041028501,0.11825500488154,0.46932861328247,0.76023559570397,0.97049499511836,1.12726745605592,1.23684570312634,1.3601177978527,1.39843261718889,1.4664788818372
"P28f-CS_30","PND28","Control","2018_08_13",28,"F",96.8,"rACSF","Sucrose",NA,"Scott","xx","2018_08_13_0004.atf","2018_08_13_0007.abf","0","",0.04608154296875,0.687042236328125,1.3131103515625,1.58572387695312,1.75119018555188,1.87384033203125,1.94378662109721,2.028656005867,2.04986572266125,2.08572387695312,NA,NA,NA,NA,NA,NA,NA,NA,NA,NA,0.70413208008264,1.60775756836279,2.43600463867276,3.25930786133211,3.94174194336519,4.55026245117627,5.08386230469456,5.55374145508763,5.91799926757853,6.17578125000184
"P28f-CS_31","PND28","Control","2018_08_14",29,"F",107,"rACSF","Sucrose",NA,"Luis","xx","2018_08_14_1004.atf","2018_08_14_1007.abf","0","",0.18996551513977,1.22637359618709,1.73634826659959,1.97580627441094,2.13277435302281,2.23244659424024,2.27942535400702,2.32711700439399,2.37253570556827,2.39785461426217,NA,NA,NA,NA,NA,NA,NA,NA,NA,NA,0.09569061279098,1.01798309325964,1.52694702148138,1.805911254881,1.97587524414358,2.07272918700979,2.22345367432099,2.30618560790828,2.29175201415822,2.39276000976119
"P28f-CS_32","PND28","Control","2018_08_14",29,"F",107,"rACSF","Sucrose",NA,"Sunny","xx","2018_08_14_2000.atf","2018_08_14_2003.abf","0","",0.00336242675646004,0.0690832519518001,0.32463195800868,0.54104614257881,0.716114501953373,0.89284667968774,0.9888122558601,1.09383056640712,1.16808227539087,1.23821411132929,NA,NA,NA,NA,NA,NA,NA,NA,NA,NA,0.000262451171620937,0.045340576171624,0.263824462890877,0.472623291015878,0.662206420898678,0.830429077148692,0.984403686523677,1.08247497558669,1.18324523925901,1.22945007324337
"P28f-CS_33","PND28","Control","2018_08_14",29,"F",107,"rACSF","Sucrose",NA,"Luis","xx","2018_08_14_1017.atf","2018_08_14_1021.abf","0","",0.167394104004029,0.816606140136854,1.1650396728522,1.3627859497109,1.49765106201059,1.59020080566919,1.70372802734389,1.72236145019794,1.73595062256248,1.73281097412621,NA,NA,NA,NA,NA,NA,NA,NA,NA,NA,0.030956115723022,0.380506896972793,0.816036682128782,1.07529205322302,1.26684326171888,1.43219879150428,1.53010986328138,1.5814547729496,1.59091796875012,1.62089843750038
"P28f-CS_34","PND28","Control","2018_08_15",30,"M",135,"rACSF","Sucrose",NA,"Sunny","xx","2018_08_15_2000.atf","2018_08_15_2004.abf","0","",0.01436523437864,0.29449768066032,0.91694946288936,1.28382019042831,1.53115539551256,1.70006530761443,1.87582824706644,1.99824768066524,2.09038940429914,2.15585144043194,NA,NA,NA,NA,NA,NA,NA,NA,NA,NA,0.00430908202760993,0.050473632812744,0.36095336914185,0.657893676755067,0.936350708005059,1.14004394530885,1.30224243164183,1.4704675293006,1.609856567384,1.68570922851788
"P28f-CS_35","PND28","Control","2018_08_15",30,"M",135,"rACSF","Sucrose",NA,"Luis","xx","2018_08_15_1009.atf","2018_08_15_1014.abf","0","",0.0565454101593899,0.80630554198917,1.21793731689033,1.41847961425473,1.52048095703421,1.59186859130431,1.64111022949397,1.65243133544487,1.6858975219757,1.68737823486277,NA,NA,NA,NA,NA,NA,NA,NA,NA,NA,0.039888305663674,0.680753173828503,1.24496704101626,1.523360595703,1.68351287841809,1.79909942627091,1.87117584228404,1.92500610352077,1.94518920898574,1.97914825439342
"P28f-CS_36","PND28","Control","2018_08_15",30,"M",135,"rACSF","Sucrose",NA,"Scott","xx","2018_08_15_0008.atf","2018_08_15_0011.abf","0","",0.177490234375,1.1119384765625,1.6820068359425,2.0323486328175,2.20120239257812,2.4091796875,2.51748657226562,2.62249755859375,2.68634033203625,2.73199462891125,NA,NA,NA,NA,NA,NA,NA,NA,NA,NA,0.63323974609375,1.32928466797375,2.04351806641125,2.68917846679688,3.30441284179688,3.8748779296875,4.36172485352062,4.72988891602062,5.06063842773438,5.45761108398438
"P28f-CS_38","PND28","Control","2018_12_13",27,"F",88,"rACSF","rACSF","12:45","Luis","L4","2018_12_13_1000.atf","2018_12_13_1008.abf","0.03","",0.38685028075976,1.13117004394855,1.56860260009939,1.7567721557597,1.91695587158024,2.02444915771314,2.16774353027414,2.21744628906427,2.26570190429373,2.27020996093449,0.040162658691029,0.439123229980592,0.914188232424245,1.24277130126691,1.54048461913926,1.69939208984862,1.78576904297238,1.87559814452739,1.92798614501815,2.02035095215331,0.039442138671493,0.420898742675426,0.855442199708167,1.12481140136832,1.33680328368752,1.52651489257425,1.67471191406363,1.74056243896471,1.84055328369379,1.92571289062622
"P28f-S_2","PND28","EtOH[50mM]","2017_05_17",27,"F",73,"rACSF","rACSF",NA,"Scott","xx","2017_05_17_0000.atf","2017_05_17_0004.abf","0","",NA,NA,NA,NA,NA,NA,NA,NA,NA,NA,0.040162658691029,0.439123229980592,0.914188232424245,1.24277130126691,1.54048461913926,1.69939208984862,1.78576904297238,1.87559814452739,1.92798614501815,2.02035095215331,NA,NA,NA,NA,NA,NA,NA,NA,NA,NA
"P28f-S_3","PND28","EtOH[50mM]","2017_05_17",27,"F",73,"rACSF","rACSF",NA,"Scott","xx","2017_05_17_0007.atf","2017_05_17_0011.abf","0","",NA,NA,NA,NA,NA,NA,NA,NA,NA,NA,0.040162658691029,0.439123229980592,0.914188232424245,1.24277130126691,1.54048461913926,1.69939208984862,1.78576904297238,1.87559814452739,1.92798614501815,2.02035095215331,NA,NA,NA,NA,NA,NA,NA,NA,NA,NA
"P28f-S_4-S7","PND28","EtOH[50mM]","2017_07_19",27,"F",83,"rACSF","rACSF",NA,"Scott","xx","2017_07_19_0000.atf","2017_07_19_0004.abf","0.0","",0.328887939453125,0.634185791015625,0.85098266601915,0.89651489258104,0.95202636719092,0.95861816406478,0.99371337890897,1.04980468750205,1.05560302734642,1.07510375976763,NA,NA,NA,NA,NA,NA,NA,NA,NA,NA,0.9129638671875,1.80783081054864,2.48117065430378,2.87347412109524,3.16162109375797,3.37466430664349,3.49176025391408,3.57669067383459,3.62426757812851,3.64468383789328
"P28f-S_5-S8","PND28","EtOH[50mM]","2017_07_19",27,"F",83,"rACSF","rACSF",NA,"Scott","xx","2017_07_19_0008.atf","2017_07_19_0013.abf","0.0","",0.72586059570144,1.25698852539423,1.49121093749648,1.6102600097622,1.64712524414205,1.66104125976347,1.72891235351254,1.74148559570676,1.7894897460968,1.71749877929516,NA,NA,NA,NA,NA,NA,NA,NA,NA,NA,0.48025512695154,0.99691772460628,1.39611816406598,1.66964721680024,1.90335083008111,2.01782226562839,2.10299682617316,2.16241455078501,2.2010498046911,2.18896484375174
"P28f-S_6-S17","PND28","EtOH[50mM]","2018_01_31",27,"M",108,"rACSF","rACSF",NA,"Scott","xx","2018_01_31_0016.atf","2018_01_31_0022.abf","0.0","",0.058258056640625,0.498260498046875,1.10162353515625,1.4044189453125,1.64065551758313,1.79229736328625,1.88247680664062,1.93920898438,1.99771118164563,2.01324462891125,NA,NA,NA,NA,NA,NA,NA,NA,NA,NA,0.610809326171875,1.84744262695312,3.1080322265675,4.1522216796925,5.06915283203214,5.76165771484875,6.25296020507812,6.65737915039562,6.96243286133312,7.1990966796875
"P28f-S_7-S18","PND28","EtOH[50mM]","2018_02_01",28,"M",111,"rACSF","rACSF",NA,"Scott","xx","2018_02_01_0003.atf","2018_02_01_0012.abf","0.0","",0.09722900390625,0.60028076171875,1.02267456055188,1.21902465820312,1.4320068359375,1.49533081055188,1.56781005859375,1.60726928711438,1.64456176757812,1.65509033203125,NA,NA,NA,NA,NA,NA,NA,NA,NA,NA,0.58343505859375,1.82254028320312,2.86538696289563,3.866943359375,4.58883666992188,5.18624877929688,5.63705444336437,5.954589843755,6.2391357421925,6.43188476563
"P28f-S_8-S19","PND28","EtOH[50mM]","2018_02_01",28,"M",111,"rACSF","rACSF",NA,"Scott","xx","2018_02_01_0023.atf","2018_02_01_0028.abf","0.0","",NA,NA,NA,NA,NA,NA,NA,NA,NA,NA,NA,NA,NA,NA,NA,NA,NA,NA,NA,NA,0.063934326171875,0.746124267578125,1.533447265625,1.96856689453125,2.27401733398938,2.47259521484375,2.60861206055188,2.67892456054688,2.70632934570813,2.70404052734375
"P28f-S_9","PND28","EtOH[50mM]","2018_07_04",28,"M",99.7,"rACSF","rACSF",NA,"Luis","xx","2018_07_04_1023.atf","2018_07_04_1028.abf","0.0","",0.105538940429946,0.443319091797119,0.702874755860126,0.934470825196061,1.08295593261794,1.22578125000525,1.31643249511744,1.39463867187774,1.45890441894557,1.49755676269307,NA,NA,NA,NA,NA,NA,NA,NA,NA,NA,0.026549072265369,0.312836914062744,0.666641235351811,0.967801513672117,1.19343200683621,1.37926574706807,1.52807006836463,1.6841772460915,1.71780212402118,1.81549133300557
"P28f-S_10","PND28","EtOH[50mM]","2018_10_24",27,"F",88,"rACSF","rACSF","9:15","Scott","L3","2018_10_24_0007.atf","2018_10_24_0014.abf","0.02","",0.035202026367437,0.564080810544132,0.884774780270686,1.01752624511944,1.15863952636694,1.20364379883038,1.27184753418195,1.3234710693357,1.31228942871569,1.39678039550755,NA,NA,NA,NA,NA,NA,NA,NA,NA,NA,0.0233764648425301,0.3825469970715,1.08167419433972,1.6426635742204,2.0298065185585,2.37604370116913,2.61676330566806,2.84390563964958,2.95228881835813,3.0714874267566
"P28f-S_11","PND28","EtOH[50mM]","2018_10_26",29,"F",96,"rACSF","Sucrose","2:45","Scott","L3","2018_10_26_0031.atf","2018_10_26_0040.abf","0.03",NA,0.24458007812637,1.13574829101442,1.58190002441037,1.9215850830066,2.12863769531605,2.29111938476289,2.36067199707505,2.50837707519507,2.5358062744155,2.61089477538937,NA,NA,NA,NA,NA,NA,NA,NA,NA,NA,0.3519500732436,0.88341979980839,1.31033935546745,1.66372070312865,1.94212341308712,2.1817382812464,2.3032226562514,2.44661560058242,2.50542297362917,2.5657196044932
"P28f-S_12","PND28","EtOH[50mM]","2018_12_15",29,"F",90,"rACSF","rACSF","12:45","Luis","R3","2018_12_15_1000.atf","2018_12_15_1009.abf","0.04","",0.097472839355089,0.83120513916078,1.1492453002931,1.33668823242251,1.46780548095716,1.55109375000263,1.57958801269669,1.61969879150904,1.66336303711325,1.68718017578138,0.0412725830078374,0.528872375488253,0.95034820556693,1.18248382568604,1.37064331055061,1.42934234619388,1.51359741211174,1.52786224365736,1.59026550292957,1.60989959717169,0.051988830566285,0.608423461914183,1.05402770996082,1.34512603759779,1.6216555786159,1.74817932129294,1.82515228271495,1.8758645629884,1.93424743652356,1.97715820312512
"P28f-SS_3-SS19","PND28","EtOH[100mM]","2017_06_29",26,"M",86,"rACSF","rACSF",NA,"Scott","xx","2017_06_29_0000.atf","2017_06_29_0004.abf","0.0","",0.17730712890472,0.53289794921611,0.74365234375211,0.87918090820665,0.97064208984189,1.03884887695423,1.05566406249714,1.10922241211116,1.09753417968666,1.14511108398682,NA,NA,NA,NA,NA,NA,NA,NA,NA,NA,0.94015502930044,2.0106506347666,2.93896484374829,3.64968872070101,4.14163208007975,4.61196899414466,4.8556823730428,5.07135009765747,5.20538330077847,5.33139038085606
"P28f-SS_4-SS20","PND28","EtOH[100mM]","2017_06_29",26,"M",86,"rACSF","rACSF",NA,"Scott","xx","2017_06_29_0008.atf","2017_06_29_0012.abf","0.0","",0.33816528320699,0.70245361327722,0.96835327148286,1.14379882812247,1.27136230468558,1.32583618163806,1.4085693359363,1.43313598632452,1.4627990722646,1.46118164062394,NA,NA,NA,NA,NA,NA,NA,NA,NA,NA,0.58425903319907,1.23425292968971,1.83398437499908,2.33142089843964,2.65441894530849,2.94812011718462,3.16537475586112,3.30212402343886,3.38473510742596,3.46469116211183
"P28f-SS_5-SS21","PND28","EtOH[100mM]","2017_06_29",26,"M",86,"rACSF","rACSF",NA,"Scott","xx","2017_06_29_0020.atf","2017_06_29_0024.abf","0.0","",0.288391113284,0.69854736328504,0.86291503906395,0.96594238281432,1.03860473632699,1.11474609375265,1.11557006835672,1.18200683594089,1.20202636719053,1.23345947265838,NA,NA,NA,NA,NA,NA,NA,NA,NA,NA,0.58648681640268,1.33184814452917,1.9849853515584,2.55160522460726,2.93218994140712,3.25115966797126,3.49707031249712,3.62780761718389,3.70626831054963,3.81909179687138
"P28f-SS_6-SS22","PND28","EtOH[100mM]","2017_07_01",28,"M",93,"rACSF","rACSF",NA,"Scott","xx","2017_07_01_0001.atf","2017_07_01_0006.abf","0.0","",0.25665283203125,0.720489501958125,0.9072265625,1.08193969726562,1.201904296875,1.25018310547375,1.3260498046925,1.37091064453125,1.39923095703125,1.44830322265625,NA,NA,NA,NA,NA,NA,NA,NA,NA,NA,1.31298828125421,2.65731811523841,3.8997802734388,4.78054809570621,5.47485351563214,5.980255126954,6.31866455078563,6.5657043457071,6.74551391602126,6.90817260742995
"P28f-SS_7-SS23","PND28","EtOH[100mM]","2017_07_01",28,"M",93,"rACSF","rACSF",NA,"Scott","xx","2017_07_01_0010.atf","2017_07_01_0014.abf","0.0","",0.33068847655876,0.72561645507683,0.89785766601847,1.00891113281657,1.07144165039463,1.11816406249684,1.13204956054283,1.14154052734084,1.1720886230489,1.18136596680188,NA,NA,NA,NA,NA,NA,NA,NA,NA,NA,0.75411987304376,1.58282470703253,2.27859497070624,2.81460571288937,3.2040100097697,3.47308349609232,3.66827392578248,3.82040405273824,3.91390991210769,4.00408935546515
"P28f-SS_8","PND28","EtOH[100mM]","2018_07_04",28,"M",99.7,"rACSF","rACSF",NA,"Scott","xx","2018_07_04_0000.atf","2018_07_04_0005.abf","0.0","",0.124420166015625,0.727539062505,1.25088500977063,1.67864990234375,1.9718017578175,2.24240112305188,2.36984252930188,2.47097778320312,2.53585815430188,2.53924560546875,NA,NA,NA,NA,NA,NA,NA,NA,NA,NA,0.21087646484375,0.520904541015625,0.88677978515625,1.28195190430188,1.6900634765675,2.17245483398938,2.62091064453625,3.08468627929688,3.6895751953125,4.27081298828625
"P28f-SS_9","PND28","EtOH[100mM]","2018_07_04",28,"M",99.7,"rACSF","rACSF",NA,"Scott","xx","2018_07_04_0020.atf","2018_07_04_0025.abf","0.0","",0.095672607421875,0.546173095703125,1.028320312505,1.40731811523938,1.77395629883313,2.02639770507812,2.23031616211438,2.32513427734875,2.3905029296925,2.48532104492188,NA,NA,NA,NA,NA,NA,NA,NA,NA,NA,0.9066162109375,2.31683349609875,4.10433959960938,6.10833740234375,8.20208740234375,10.2560729980969,12.3941955566406,14.7070922851562,16.5770874023688,18.7113037109875
"P28f-SS_10","PND28","EtOH[100mM]","2018_07_04",28,"M",99.7,"rACSF","rACSF",NA,"Luis","xx","2018_07_04_1005.atf","2018_07_04_1010.abf","0.0","",0.304008178710695,0.581955566406021,0.726716918945565,0.793478393551933,0.825431518554442,0.86385131835937,0.883583374023938,0.885574951172154,0.896065063478816,0.90740966796925,NA,NA,NA,NA,NA,NA,NA,NA,NA,NA,0.039278564452875,0.441486206055437,0.666432495117432,0.746969604492945,0.783880615234625,0.850812988281492,0.875753784180444,0.916776733398699,0.938411254883064,0.948683471679929
"P28f-SS_11","PND28","EtOH[100mM]","2018_07_05",29,"F",99,"rACSF","rACSF",NA,"Luis","xx","2018_07_05_1000.atf","2018_07_05_1005.abf","0.0","",0.286340942383059,1.08809020996068,1.45826904297099,1.55093383788787,1.66413391113505,1.69207397461413,1.74988037109099,1.79462585449445,1.76375244140349,1.77904479980693,NA,NA,NA,NA,NA,NA,NA,NA,NA,NA,0.0563153076171875,0.654957885742688,1.13049255370844,1.29088195801031,1.36944396972906,1.48025268555187,1.53509460449466,1.54563598633311,1.61657104491936,1.62838500977053
"P28f-SS_12","PND28","EtOH[100mM]","2018_07_05",29,"F",99,"rACSF","rACSF",NA,"Scott","xx","2018_07_05_0020.atf","2018_07_05_0027.abf","0.0","",0.05230712890625,0.1165771484375,0.440948486328125,1.01388549804688,1.46636962890625,1.77243041992688,1.984375000005,2.14944458008313,2.19857788085938,2.29730224609375,NA,NA,NA,NA,NA,NA,NA,NA,NA,NA,0.8302001953125,2.19009399414563,3.72348022460938,5.34716796875,6.95321655273937,8.4234619140675,9.67828369141125,10.7855529785156,11.7342529297375,12.4939575195563
"P28f-SS_13","PND28","EtOH[100mM]","2018_07_05",29,"F",99,"rACSF","rACSF",NA,"Luis","xx","2018_07_05_1018.atf","2018_07_05_1022.abf","0.0","",0.12069458007678,0.80277099609464,1.0474639892592,1.21407348632882,1.33575622558719,1.41135498046955,1.45047607421996,1.50365417480611,1.50619934082109,1.53093261718824,NA,NA,NA,NA,NA,NA,NA,NA,NA,NA,0.073692626953373,0.920835571289328,1.29758911132837,1.47696411132888,1.62694641113307,1.75495910644557,1.82082397461212,1.92058288574243,1.9465649414065,1.99140747070089
"P28f-SS_14","PND28","EtOH[100mM]","2018_10_26",29,"F",96,"rACSF","Sucrose","2:45","Luis","L2","2018_10_26_1000.atf","2018_10_26_1009.abf","0.035","",0.45855590820137,1.20348876952811,1.53319976806439,1.68388061523882,1.79453186035086,1.84815246582465,1.88699920654354,1.94389221191835,1.99777008056943,2.01178680419981,NA,NA,NA,NA,NA,NA,NA,NA,NA,NA,0.0874502563496198,0.84346710204639,1.287751770015,1.49191406249698,1.7406799316451,1.86314514160218,1.92120361328566,2.00294738769862,2.04259002685721,2.07460021972472
"P28f-SS_15","PND28","EtOH[100mM]","2018_10_26",29,"F",96,"rACSF","Sucrose","2:45","Scott","L2","2018_10_26_0005.atf","2018_10_26_0013.abf","0.03","",0.64924316406636,1.41220092773413,1.64141845703019,1.79637451172013,1.80469665527318,1.83388366698945,1.83139953613256,1.84272460937112,1.85670776367324,1.91677551269507,NA,NA,NA,NA,NA,NA,NA,NA,NA,NA,0.75989379883037,1.72760314941132,2.95796203613757,4.21826477051006,5.23713989257787,6.07131652832256,6.756872558596,7.32383422851288,7.78681335448944,8.20097961425755
"P28f-SS_16","PND28","EtOH[100mM]","2018_10_26",29,"F",96,"rACSF","Sucrose","2:45","Luis","R3","2018_10_26_1014.atf","2018_10_26_1019.abf","0.05","",0.14519531249564,0.96783050536798,1.47965667724181,1.76145050048526,1.93982086181435,2.0715310668952,2.15942108153979,2.23058898925603,2.212463378907,2.24380493164014,NA,NA,NA,NA,NA,NA,NA,NA,NA,NA,0.0697070312519497,0.74182373047061,1.45544250488085,1.68252502441854,1.81431427002,1.91605804443044,2.0271047973588,1.98719604492258,2.07038299560098,2.07735839843434
"P28f-SS_17","PND28","EtOH[100mM]","2018_12_15",29,"F",90,"rACSF","rACSF","12:45","Luis","L4","2018_12_15_1014.atf","2018_12_15_1023.abf","0.035","",0.085383300781361,0.735822448727853,1.44354278564316,1.75585906982034,1.91742279052846,1.97067169189192,2.02340057372909,2.04146484374862,2.08009246825785,2.10709442138285,0.04885650634442,0.468239746093606,0.95965972900329,1.37971618652024,1.63600097656442,1.69401550292558,1.67255523682129,1.72851165771222,1.8360833740254,1.86591613769518,0.0204531860370201,0.24644500731993,0.64937103271789,0.9507351684603,1.21743896484814,1.38554748535591,1.45073822021671,1.54407806396446,1.64030364990284,1.68297790527154
