Slice,date,Rig,file name,Age,Sex,Comment,-15,-14,-13,-12,-11,-10,-9,-8,-7,-6,-5,-4,-3,-2,-1,1,2,3,4,5,6,7,8,9,10,11,12,13,14,15,26,27,28,29,30,31,32,33,34,35,36,37,38,39,40,41,42,43,44,45,46,47,48,49,50,51,52,53,54,55,56,57,58,59,60
jsP14_1,2008-05-12,NA,08512012.abf,15,m,good,4.169545889,0.222155954,1.467403534,3.612051333,-0.913162093,6.558323383,3.799208916,4.552072924,-5.198297012,0.421576593,-4.392512081,3.48993174,-5.426185458,-8.8892577,-3.472855922,-69.89022084,-52.32649626,-44.34226178,-40.60250435,-41.6767626,-46.96297891,-38.28697671,-40.55363461,-39.23922486,-35.44242233,-36.12608766,-33.68033806,-28.18652574,-22.75380972,-28.81325547,-25.67570165,-21.54115413,-28.52029253,-28.2883164,-24.52406936,-27.87323388,-28.82548203,-28.24353435,-28.5324826,-27.17329079,-26.39192248,-30.29453037,-24.51994518,-25.70829364,-26.9616436,-25.37051216,-28.76033454,-27.95053492,-32.12990099,-21.41498335,-26.31867262,-30.51026525,-31.47875465,-25.68789171,-25.02054062,-25.55365505,-27.4744291,-30.24982131,-27.08777788,-25.1467114,-27.25062834,-26.31060674,-26.93722698,-27.93020599,-23.10385426
jsP14_2,2008-05-30,NA,2008_05_30_0009.abf,15,f,OMIT? Unstanle?,3.63258765,-4.064097053,-2.016051254,0.392865787,-5.365054892,6.941543247,13.45401289,-6.440207618,7.269608014,5.360139407,-16.43268736,-7.241936464,-3.083852696,-2.023402539,9.616532884,-68.61539333,-52.88660787,-29.3590975,-32.26362275,-30.82419744,-21.2396591,-34.74528459,-18.51002858,-21.67338486,-18.72881157,-18.57937203,-7.770351152,-15.61285461,-8.506357325,-20.55456332,-8.703196185,-3.539303147,-15.98820898,-20.38328937,-12.36216068,-35.60900561,-14.03123133,-41.58933006,-20.22649855,-30.1462335,-30.5908216,-30.60541445,-17.90875937,-29.71261746,-25.03325085,-40.19368329,-21.85190037,-22.40566053,-28.43711481,-22.72648374,-25.52172721,-31.76801454,-34.67253979,-16.82636508,-16.82636508,-25.86789589,-29.68716227,-23.23306401,-35.1171279,-36.14839236,-24.738212,-41.6293781,-16.06117322,-27.82114304,-23.45173728
jsP14_3,2008-05-30,NA,20080530tk_0001.abf,15,f,baseline running down?,2.695759011,1.450809334,-1.764203267,6.862668529,4.24594284,5.967482101,0.396448863,-5.500334551,-1.012629012,2.624594051,6.76E-03,-4.616105546,-5.93595037,-1.799232048,-3.622010897,-48.83973721,-29.14790888,-26.16696547,-29.35784843,-32.54995535,-20.62355892,-21.8239795,-24.62872989,-27.65437726,-21.25699119,-10.17874586,-17.07195529,-11.0569716,-18.23857106,-13.03787538,-27.57114748,-31.36165788,-22.44639606,-21.70094164,-17.86939918,-20.07347301,-17.46164319,-14.58561127,-22.95195287,-29.06951668,-17.90681761,-19.85758848,-20.33044788,-9.978481488,-24.96660318,-16.20824231,-10.51166499,-21.36184439,-21.96747511,-23.31267354,-12.75438122,-21.32326028,-19.94198395,-9.760149021,-18.05876442,-13.26710698,-4.984111738,-17.49667197,-22.89279445,-21.8203076,-16.32282897,-24.68672264,-20.75265834,-27.47952477,-16.45554201
jsP14_4,2008-05-30,NA,2008_05_30_0001.abf,15,f,OMIT? Outlier?,3.596728926,-6.48756133,-5.39296374,-6.80E-02,-4.901077999,19.38097293,-0.455382286,2.385359078,-2.890393822,-6.395332753,-2.300080328,8.239153633,1.622860272,-3.486906494,-2.847379123,-29.22614363,-25.37088792,-26.26243083,-32.36216825,-21.02969263,-12.56882774,-1.679023975,11.74409256,1.327830038,7.894783009,2.36688806,-11.60959994,-6.887218494,7.710325856,4.248528138,9.315153691,15.95599073,22.10494203,11.77470891,20.475444,14.20364778,10.85242314,26.53216673,32.14001841,25.3392679,19.70687253,22.59695429,26.07089733,31.02694981,28.43835049,30.59654978,20.73985789,23.94951356,33.50497604,23.71584253,26.04635365,17.3148757,27.22710716,34.78403078,24.22025314,28.56132192,20.56767258,24.0048001,24.52755522,32.21972212,23.05809717,28.04476599,14.89833518,18.90755821,21.40392895
jsP14_5,2008-06-30,pub,08630000.abf,14,m,good,3.268186783,1.985457264,2.069712242,2.917046579,1.086659706,5.018986544,-6.609308969,-5.364039073,-3.669487095,1.002346381,2.242948411,-1.127600779,-2.508530525,-0.757730764,0.445353295,-21.28502066,-15.96703787,-21.13985004,-12.9242312,-17.50720018,-22.42724742,-18.62597092,-17.680378,-14.16477488,-15.2180788,-20.17085945,-18.20942224,-20.3393694,-24.9878052,-13.78562749,-19.20647838,-21.29896591,-16.58500495,-18.86012273,-17.2683805,-14.46439352,-12.40002987,-14.20223451,-15.38192089,-12.10502076,-16.74884704,-13.38302406,-10.60237641,-19.65587715,-18.63542334,-17.56805748,-17.93325963,-11.31860207,-14.07596874,-14.71249059,-7.18975808,-16.42116286,-14.37074446,-16.49141424,-17.7085019,-15.26020629,-10.98625002,-7.920104031,-11.40752491,-7.217823623,-11.88037972,-8.542622283,-12.16126854,-17.1186587,-16.18245987
jsP14_6,2008-08-28,be,2008_08_28_0004.abf,14,m,"Omit, looks like constant rundown",1.792178179,-2.381708826,-2.669149341,5.70029464,0.994687455,1.576732111,5.887175747,0.441655485,-1.66346572,4.773679547,-0.758162415,-4.292874842,-3.847297271,-8.186574504,2.632829754,-28.05784772,-24.63829059,-22.74172046,-25.28480788,-24.14256763,-23.43856223,-19.39371005,-23.62535379,-20.31343015,-21.67120602,-31.32661051,-26.36973912,-27.74900587,-25.75178679,-35.26365011,-11.5272422,-20.18403715,-18.7472823,-23.91986839,-23.61819017,-18.63955927,-30.67301913,-29.62408512,-28.9415706,-35.0336977,-29.84669481,-36.15444707,-30.95320648,-45.74537892,-45.40053985,-37.66310682,-46.93785411,-48.58298094,-48.741118,-47.32576448,-56.48562511,-35.93174783,-39.06395399,-39.26507281,-34.79667121,-43.68341857,-47.40492256,-46.33431857,-39.96200412,-43.7480703,-38.08701442,-43.38890397,-39.28674278,-43.43197528,-33.16596117
jsP14_7,2008-08-02,tk,20080728tk_0040.abf,14,m,"baseline is a little unstable but recordnig looks pretty good to me, good post",2.749045565,3.544547734,2.218732331,1.872881494,-3.591380759,-8.825032698,-14.07031857,3.775028781,2.057343891,-5.309001015,1.607821826,-4.329165715,6.507192224,-0.156075612,11.94838052,-80.57528225,-95.43491114,-70.13098769,-80.84047118,-81.64741338,-76.80569556,-69.33555016,-63.70983483,-68.44788142,-59.74428108,-54.90249863,-48.66580817,-52.96577272,-58.94884355,-58.22249862,-69.54302188,-68.36715489,-64.65515614,-68.03287335,-71.72186276,-74.86890502,-72.37892118,-67.46798149,-58.76431652,-69.4047074,-71.46824312,-79.94129778,-73.50870489,-65.57733887,-59.61747126,-74.64992863,-67.790823,-71.67571485,-66.24603121,-64.33237927,-64.78196596,-63.92887585,-70.59201442,-57.26567265,-68.29793301,-59.01793616,-76.39068748,-67.89455886,-67.22586651,-70.75353213,-55.52497843,-74.52311881,-53.9225987,-82.20080057,-64.97793302
jsP14_8,2008-08-29,be,2008_08_29_0001.abf,14,m,"pretty unstable, very little LTD despite huge STD, ",23.74820754,-6.577968699,-6.42368033,-1.587899232,-15.88934497,7.877765405,-8.867259931,3.427897802,-8.970093168,9.163912636,1.575975198,-1.690732468,12.4306203,1.009968739,-9.227368831,-94.62417109,-100.2314711,-99.38269247,-99.7684519,-29.08458238,4.122388036,2.193282733,1.524520065,-10.92500307,-3.877190463,5.89720497,-8.841455336,-9.870326903,-2.076568935,-21.83102627,-11.696676,-29.47049587,-20.64786634,-14.03726831,-18.33284754,9.909780974,-21.80522168,22.59069814,8.006403237,-7.503930001,-6.989532732,-15.04041231,2.219010299,-9.433112333,-14.14017857,-4.005751267,-11.85088734,-23.19427918,-25.12346151,-24.73754801,-18.71868401,-12.8283808,-36.13239498,-23.34864457,-36.69832441,-17.5097965,-25.25202231,-30.47363987,-22.13968004,-14.42310477,-31.06521984,-19.72190504,-34.69203641,-33.45734431,-6.757984635
jsP14_9,2008-08-30,js,2008_08_30_0000.abf,15,m,quite good plot,-1.410218612,4.647390473,1.538429184,4.152142446,-4.699403295,-3.096354557,-0.193559868,-5.134663047,-2.097239499,3.26E-02,-1.851080717,8.248755516,-2.589643254,4.097756525,-1.644914118,-39.17257897,-15.97866417,-31.02236166,-18.74122765,-19.56847975,-26.15279623,-19.1877783,-18.74700238,-15.19424853,-14.86508873,-25.69762657,-23.72809774,-20.47899143,-20.29282093,-11.39826635,-14.71054997,-29.57954023,-24.76720498,-26.81697675,-20.47588859,-18.38336656,-23.87686177,-20.57914427,-21.66979316,-24.42089336,-31.56915134,-13.3190978,-26.69389736,-25.30830612,-22.47989344,-25.8923299,-35.33651842,-31.48606413,-24.9247604,-20.23567692,-27.02029908,-25.09636479,-26.19864933,-16.04727145,-20.41590032,-24.88175156,-21.50077448,-14.01775435,-24.38641734,-19.93202938,-20.55337345,-22.23950939,-23.04383494,-21.02569492,-24.45812747
jsP14_10,2008-08-30,rp,08830005.abf,15,m,pretty good,-0.755916274,-5.924466513,0.187364053,-4.273698094,0.187364053,3.999858324,-8.361413252,6.200957136,3.095895266,-3.173148688,-9.22E-03,2.919023243,2.427668754,7.144237464,-3.664503177,-37.01440248,-30.64712105,-25.73402168,-24.63347227,-24.71210681,-35.22607931,-31.86551088,-22.70759435,-31.35455345,-23.74911216,-30.03781475,-26.38253387,-31.84590794,-26.42185114,-32.47476149,-31.19739575,-32.27823083,-28.66226722,-34.12552991,-27.91540617,-27.44382169,-26.5593502,-21.37125271,-21.98044762,-29.46799279,-25.00687495,-20.62433596,-13.52996349,-26.97212584,-34.69546324,-26.38253387,-24.77108272,-27.73853414,-28.50499814,-21.09603182,-27.58132076,-29.72349935,-32.39612695,-21.64636221,-19.75969018,-35.04920729,-22.66827708,-27.07036332,-17.75517771,-26.81485676,-10.64109091,-27.91540617,-27.20797377,-17.71586044,-20.29036193
jsP21_1,2008-03-17,NA,08317001.abf,19,m,NA,5.137568729,1.553693522,1.346399019,-1.590919159,5.912600355,4.683415948,-2.637421057,-3.200174253,-13.07807416,4.313128529,5.646052483,-2.069683933,-1.778401008,-5.367321674,1.129136661,-20.99132181,-22.27975959,-21.76635344,-29.63511491,-26.26844053,-22.50686675,-17.81717474,-19.15495956,-22.69933252,-19.2980783,-19.83609644,-23.42501711,-25.13302782,-22.89678223,-28.6873071,-18.97221552,-16.3954015,-17.14089873,-17.56539406,-20.57174888,-20.83829675,-21.67750415,-16.44973247,-20.28046595,-24.3383066,-20.43342948,-24.33326114,-22.35870255,-16.7311706,-18.2417316,-20.50265071,-25.69584254,-24.59488661,-22.82768406,-23.09423193,-24.90099826,-23.9976151,-17.80228449,-16.19296786,-20.63592465,-15.46734481,-21.35164137,-20.44333581,-24.39743691,-25.56250708,-28.91939819,-32.06887174,-29.88683406,-26.45112305,-31.56531038
jsP21_2,2008-06-04,NA,2008_06_04_0001.abf,20,m,good,5.62995604,3.920918411,-5.397582019,-0.402249853,5.097796302,6.072069046,-0.303979675,-2.7297934,-2.473838649,-8.842691855,-3.476585074,4.340622527,-0.360824244,-0.369150483,-0.704667073,-18.35454605,-31.52840347,-38.43877059,-32.66478089,-35.13232861,-32.28794149,-25.93933852,-32.36143854,-29.88217241,-21.11947413,-23.14603956,-21.5828653,-26.16332462,-26.31617792,-29.31804403,-15.55179013,-11.27467316,-15.73897632,-21.85773398,-22.8768245,-14.21733046,-10.64414046,-19.09527294,-8.192114497,-9.478055838,-14.40934792,-8.704126792,-17.23461553,-21.70241364,-19.8762947,-9.131951561,-12.84833232,-7.870988937,-16.39191792,-15.5967107,-10.29320491,-6.416775336,-8.153053129,-3.429094675,-6.69524177,-5.790971109,-15.04090856,-9.457805602,-5.591860927,-13.54290511,-14.78978508,-8.44210725,-12.31514465,-13.30360284,-22.42073164
jsP21_3,2008-06-04,NA,08604003.abf,20,m,v good,-2.844118717,4.963622578,0.859217676,0.137294359,-2.616790085,1.714846632,4.642767771,-3.445745685,4.722981472,-0.905532173,-1.761257947,-1.293336618,-3.2719574,0.939431378,-1.84142324,-38.44694849,-36.90952727,-23.4063711,-25.7058951,-25.86637091,-19.64954277,-26.57493335,-24.85026614,-24.58290327,-24.24863917,-21.25391363,-19.75652665,-22.4972018,-23.94114525,-25.85296162,-21.54804667,-22.71116955,-17.17623049,-16.7483918,-24.3155404,-20.29130079,-20.69241771,-23.01866347,-23.59361709,-18.727061,-25.86637091,-24.90370967,-21.84217971,-23.87434084,-21.05340357,-20.29130079,-20.87951847,-20.30466168,-24.03471983,-20.59879472,-18.20564773,-18.35271425,-16.70826075,-19.20834321,-21.69506478,-20.1976778,-23.52671586,-26.29416118,-24.91711896,-21.14692975,-22.47052844,-24.23527829,-26.60165511,-25.55882858,-25.34495765
jsP21_4,2008-06-05,NA,08605007.abf,21,f,weird oscillations in post should omit,2.734638563,5.360606218,-0.390646496,2.756236482,-0.476831295,-1.849043898,-3.921740727,1.703648253,-0.11041143,3.639930641,-0.322335837,0.126669174,-1.34E-02,-5.638858027,-3.59843395,-58.71789513,-49.43190715,-43.13834808,-43.8064768,-35.97901035,-38.0085941,-37.91880964,-33.33152753,-33.01542006,-29.80030917,-29.80750848,-30.79534433,-36.61838323,-43.04496397,-48.06333558,-35.03060519,-37.11414235,-43.85678919,-49.83068252,-34.34091992,-35.63766393,-31.40964375,-29.63149785,-30.18464455,-28.19101597,-26.67146584,-26.90858782,-24.84660719,-28.6399796,-22.1128982,-27.49773105,-25.59020451,-26.5385683,-27.60907204,-26.47029901,-27.04864329,-26.0751233,-29.55242961,-28.82323091,-27.5372031,-30.92104256,-34.13611207,-31.95207425,-32.55913299,-34.80432354,-33.65479293,-28.91305674,-31.136608,-33.77333323,-26.39847145
jsP21_5,2008-06-05,NA,08605001.abf,21,f,"this is shit, oscillations",0.660683447,-0.177789201,5.306333315,1.510019397,0.647411772,-2.230389512,-3.43642094,-0.510657155,-0.851313891,-0.814060965,0.242805036,5.25309289,-4.344223998,0.186848785,-1.442338979,-37.88000418,-34.49101282,-30.4977247,-24.95764593,-26.33938614,-26.66154452,-26.17156863,-21.99462922,-24.84050675,-28.54894066,-18.40328326,-19.96334558,-25.11475387,-25.24255139,-27.20727169,-20.71409195,-23.63191322,-21.88015462,-21.1639966,-13.50747001,3.480017623,-3.521585124,2.292689521,-2.685623333,11.79674599,12.52089776,18.41505867,13.58042835,12.8909674,13.55921417,24.39438376,22.85036017,16.756458,18.63068495,18.67864745,20.19874103,25.72549688,25.13175596,25.47517976,24.04557954,18.79035499,24.44762418,25.16106638,27.86592595,28.98402613,26.04227485,30.77570224,22.28054927,30.93542351,29.87056376
jsP21_6,2008-06-05,NA,2008_06_05_0001.abf,21,f,jumped,-0.224266643,-0.908074147,-5.193752892,1.768401858,2.692271524,-2.571610656,-3.32336471,-0.803905084,-1.31567521,0.921593046,-2.206295269,1.59636448,1.465008974,6.285067578,1.818237151,-27.37405714,-26.66756167,-38.01052816,-41.97474188,-37.77203068,-38.4845502,-35.11366593,-35.71747879,-34.04036862,-31.44838574,-29.46029395,-32.77230685,-32.19712777,-21.67237543,-26.27662452,6.907030813,6.90249322,9.287624434,10.20093246,9.441589672,1.789564255,0.424922153,5.125712461,1.569178037,-1.643203397,3.450088741,4.784571494,5.361237029,6.282094672,-0.643876682,5.302365667,2.061272219,9.912638809,-8.877144345,1.217436313,-1.76251081,1.766915405,4.283363008,2.482446946,1.717119229,1.237034022,2.752668457,2.292259194,4.201881912,5.504640628,1.375900028,-0.54123319,3.510446557,0.923079499,-1.762471693
jsP21_7,2008-06-06,js,2008_06_06_0001.abf,22,m,messy really messy,-1.398734653,-2.041973041,-1.156891302,-2.265096526,2.106965961,5.765779927,0.745772034,5.814365012,-1.565914955,-1.709668374,-0.916995683,-1.162572186,-0.586422334,-0.300863227,-1.327750653,-72.64870733,-67.08993521,-60.02621575,-61.7235557,-55.3618853,-50.84130827,-51.69181777,-46.67830232,-43.35558028,-40.61165917,-35.47116243,-30.21207047,-35.76900306,-39.65932658,-31.10645804,-76.79034234,-78.92922224,-75.92668565,-70.39501946,-71.06157653,-44.71861373,-46.8052836,-71.31737862,-67.20014436,-24.16690647,-25.52436724,-38.83776254,-77.13097897,-66.56431818,-33.73178393,1.127581547,-3.664595843,-7.056462361,-8.692178249,-20.89639445,-29.67146672,-14.67101117,-44.18645015,-52.79910324,-36.93785849,-47.8406112,-39.56967682,-45.73062265,-35.41321741,-43.44885498,-0.295182343,-21.252126,-31.712419,-35.54019869,-42.99238242
jsP21_8,2008-06-06,rp,08606030.abf,22,m,NA,1.608975897,1.258010684,-6.090029997,-2.607361477,-0.487305738,4.344186582,3.664187767,3.188111331,-0.487305738,2.138128021,6.689026476,0.882498709,-3.984535896,-2.87517676,-7.241409861,-69.28243097,-41.36854204,-39.94019386,-24.20399544,-23.89142541,-23.3595987,-30.63001693,-25.96125835,-26.27935587,-26.22360559,-25.61772255,-21.12893394,-24.34836369,-25.42943164,-26.59370896,-26.26009884,-19.29583164,-22.32970451,-19.1742271,-20.09808878,-17.891317,-20.66105957,-19.96382453,-21.29986975,-26.01522557,-22.66052117,-23.31300146,-20.76887513,-19.22825375,-26.50229753,-22.98955477,-20.06706358,-22.78117475,-21.18830977,-23.73243609,-17.24240283,-20.0524425,-18.09684413,-22.55538019,-17.46998044,-23.74158912,-25.11965507,-21.75306361,-22.08388027,-21.15086555,-26.4346602,-29.21183218,-30.843865,-28.82158026,-25.13338461
jsP21_9,2008-06-06,rp,08606034.abf,22,m,NA,-3.470928921,-6.879470848,-2.652827787,-2.618673741,-0.867480863,1.365220232,2.950271229,2.830971464,8.297454295,1.884952254,-0.113378667,5.131661456,0.397894642,-1.719656244,-4.5360085,-83.91958861,-63.08841318,-66.73140508,-56.32655035,-57.45554907,-48.15415732,-51.20918891,-51.34133634,-43.21163587,-45.64455309,-43.85505661,-48.59728214,-38.27757313,-49.75628534,-49.40692456,-46.62448695,-41.25168835,-25.80192983,-24.91137105,-14.44682654,-20.42043312,-33.22429042,-29.496073,-37.22933118,-28.72481398,-35.11608944,-30.05418843,-37.54900667,-30.32263285,-34.16161152,-30.46323899,-25.35880502,-25.14143207,-27.74902968,-32.2698125,-25.43980118,-27.18237575,-39.6623282,-30.05426823,-36.62445344,-31.31110522,-26.50918991,-23.16440753,-22.39753746,-19.70894368,-25.93399746,-10.69722294,-24.71969343,-22.30369363,-15.8998099
jsP21_10,2008-06-06,tk,20080606tk_0001.abf,22,m,NA,1.259816982,0.130011082,-3.66475895,-9.586839573,1.159546592,6.043085939,-1.888116195,3.646809313,8.052021764,-12.61639798,8.120261334,5.291336545,2.148045517,1.273464896,-9.368287261,-63.70620404,-64.51263794,-62.1027134,-59.45603933,-53.52931656,-61.08691864,-39.6213493,-59.07788998,-54.978038,-52.88238686,-48.94194623,-44.81006343,-44.07196195,-46.31337653,-48.05362485,-38.63739968,-36.47815111,-39.60760854,-28.79288996,-35.43013986,-27.47182758,-31.48524277,-31.50343999,-24.97091694,-21.55875272,-20.1967466,-22.26027408,-23.45831955,-13.60944621,-11.73708237,-10.25196649,-16.79823029,-21.08488229,-19.27648724,-7.336419227,-24.61551412,-23.65421818,-5.327576245,-17.17637964,-15.896261,-20.32876928,-17.95533202,-17.84596302,-10.71664547,-16.89850068,-14.00569994,-18.81180826,-30.21431558,-22.8752658,-7.591551663
jsP21_11,2008-06-06,tk,20080606tk_0007.abf,22,m,NA,3.330058851,-6.840254841,4.741336232,-5.815577597,11.37935321,-3.351915816,3.437637368,10.90500021,2.141901263,-3.224267893,-10.90686902,-0.417557399,-8.546560616,4.127472417,-0.959756372,-71.17943918,-62.63962253,-60.56247964,-64.30603325,-52.76425598,-55.72258393,-62.58380196,-66.20783292,-75.56488878,-71.23111587,-66.25959086,-83.63417129,-68.38467282,-57.43685247,-71.54621367,-37.88559464,-23.93963253,-51.26530698,-53.98434586,-32.79836585,-20.46721902,-3.100682604,-22.58019434,-20.18015339,-17.49702818,-25.20758022,-15.11689413,-5.915355858,-15.68306264,-10.52806914,-19.66980546,-16.80329301,-7.872894845,-8.120065425,-10.78718386,-11.04637983,-15.07708033,-14.87378619,-6.93597047,-16.52020875,-22.20147571,-28.90327603,-20.25596212,-26.18423715,-7.031604846,-12.18261697,-9.798501539,-11.78797282,-8.702159452,-13.71739839
jsP21_24,2008-09-03,be,2008_09_03_0006.abf,20,m,decent recording,-4.106199781,-2.012964704,-3.813135685,7.815948077,4.694911327,2.53600049,3.8587838,7.109414325,3.058450361,-0.3294441,-9.239535423,-3.02199046,-4.109954964,2.85726841,-5.297551674,-39.97035802,-27.04485713,-28.31307043,-21.44723701,-22.67614074,-21.20866302,-23.11581678,-20.82355698,-20.4044945,-25.18268568,-17.23088518,-16.12238702,-15.23360703,-14.66233977,-9.820150687,-13.33572138,-16.90761983,-19.82947206,-15.16401629,-11.94710252,-21.5731555,-12.18767394,-15.57732615,-7.540914187,-6.169313494,-13.98776503,8.828729017,-17.83219391,-15.68071354,-19.18493879,-7.828465355,-26.99412221,-22.0109939,-23.90128928,-24.05908688,-18.90889286,-31.15222874,-19.944125,-19.63412263,-12.07869373,-14.35793023,-13.90315356,-3.005052186,-12.93367707,-13.0614332,-15.04385042,-15.35185535,-10.57366418,-14.70915972,-15.77083794
jsP21_25,2008-10-20,tk,20081017tk_0039.abf,21,m,"looks like dying, omit",3.956594352,5.778786377,-4.348299625,-0.89133069,9.910729691,-2.89E-02,-10.27254406,-3.737224248,1.00958227,0.181036193,-6.166786166,3.607949541,-0.587645743,1.140838725,0.447254585,-34.78250487,-24.31031485,-23.57909947,-18.64496018,-24.66653532,-18.04870674,-20.62829956,-20.39205441,-23.68417051,-26.78113115,-22.00064591,-15.10548248,-14.24688082,-19.51846613,-30.18194143,-26.51120728,-22.50689728,-26.88999002,-29.36829963,-25.25504842,-27.96598004,-25.44641605,-29.4881926,-23.72913037,-23.63534047,-28.98202357,-32.2403786,-34.14507939,-45.76819254,-42.22130387,-28.79839629,-43.379885,-50.06507103,-40.03161024,-34.92117229,-37.14075682,-44.77471128,-37.59068484,-37.20449113,-32.11290998,-45.87334592,-34.92874795,-37.18217589,-40.81898428,-43.34241845,-40.46663399,-39.73171312,-40.32780188,-38.43438223,-37.66578264
jsP21_26,2008-10-25,be,2008_10_25_0017.abf,21,m,"small ltd, usable recording",-3.334639551,-2.923852304,-7.442766958,1.644944872,4.943819703,-7.853639184,8.3423746,6.686648757,3.325569486,8.989742669,-3.882327554,-0.346871901,-5.849245556,-2.961242951,0.661485871,-37.49430996,-34.81781945,-23.43950559,-24.11177243,-32.53962431,-31.23256626,-37.97970855,-25.64300441,-42.28719609,-35.56461265,-29.86321878,-10.92842507,-16.64239579,-4.591985043,-10.85372875,-14.37677751,-6.073504461,-3.683137379,-22.38143525,-15.06145125,-17.51385281,-18.73389263,-19.21929122,-21.23609174,-25.89190715,-11.41390863,-0.309566233,-11.84959465,-37.51912376,-18.41012362,-21.9954618,-26.7260585,-29.98754268,-19.85425239,-24.27365694,-12.72105167,-21.64696397,-22.91671636,-22.72993308,-18.33559726,-11.8869853,-12.24805998,-24.27357196,-10.84132185,-13.44311605,-8.899302625,-27.68461873,-15.37272838,-14.14028166,-13.20653523
jsP28_1,2008-06-11,be,2008_06_11_0001.abf,27,m,decreasing signal?,2.56450188,1.041865085,7.766705707,7.336749521,-11.66063012,-6.042436199,-0.657093648,4.411351575,6.081962462,0.231249701,8.316537535,3.643050131,-5.429258158,-2.64493439,-14.95962108,-81.35518111,-74.3341429,-70.42189077,-74.07344248,-59.64389009,-45.58094768,-48.38646998,-33.99923153,-37.31942103,-47.13168292,-38.44020009,-48.04105854,-49.33109336,-49.07030981,-40.4279577,-39.44816969,-42.79654078,-25.0750636,-31.58841765,-46.37044766,-21.15582841,-28.31062522,-16.39056382,-27.67616551,-26.45670935,-24.16568798,-13.47938136,-24.80713073,-17.30700562,-16.86291708,-20.07736329,-17.09543592,-9.038329668,-46.22945661,-38.55300956,-29.76268336,-24.55341335,-24.16568798,-30.93284254,-25.46287211,-38.34858917,-27.71149641,-45.59491377,-32.51882555,-32.77977537,-38.68693443,-43.09257209,-36.81182002,-43.61422234,-39.10275825
jsP28_2,2008-06-12,js,2008_06_12_0002.abf,28,m,good,-6.458294077,-1.534816271,0.895261777,5.707321479,2.989445861,-0.704645987,-1.162654817,1.937844782,4.08926045,-2.854578162,-2.819911282,-1.212390859,-1.837604925,-0.102035664,3.067797695,-22.03028199,-7.311029065,9.38E-02,1.225260808,-0.668534653,-3.157405855,-3.701262062,-2.886199979,-0.804079032,-2.039516079,2.560091862,6.150222107,3.406775762,1.419598343,1.062506051,-6.081643106,-0.433479149,-4.555480542,-3.413464491,-4.472600151,-6.298584384,-3.949825156,-12.16072263,-7.323092202,-9.561877779,-9.597989113,-6.95842629,-6.220232549,-1.38416369,-4.547985001,-10.91322245,-4.279746109,-8.84468717,-4.832659429,-3.363767488,0.859111404,-5.777292881,-5.581471854,-1.808989133,-4.428915197,-2.991645074,-3.998038667,-5.750199621,-0.933689441,-6.913257844,-3.88E-02,-2.488467797,-2.589423374,-5.478993744,-4.859791728
jsP28_3,2008-06-12,be,2008_06_12_0002.abf,28,m,good,2.507516953,-3.809985193,-1.825800658,2.274239059,-0.518527563,-0.880346337,1.143290902,3.096354085,-1.14465742,1.485317202,-0.253158531,0.86438893,-1.418401888,-1.122969453,-0.397260087,-36.48387795,-39.68721719,-40.24290524,-45.07689751,-46.87660208,-37.92074987,-40.00967142,-42.55985901,-38.72518833,-43.69711078,-40.06975415,-37.77872014,-42.09131957,-35.58197589,-33.96375376,-18.72667827,-25.14675745,-19.91986913,-20.59276918,-24.66164346,-21.44900308,-17.18625953,-23.92147545,-17.11780137,-18.56913194,-14.21408228,-18.53078126,-13.87818327,-20.62900395,-21.68743848,-18.38147812,-12.32938909,-10.57010702,-7.98677034,-11.54774064,-13.45830951,-11.52283474,-14.31463158,-10.59399905,-11.72604923,-12.23298343,-11.63687289,-12.75027672,-11.83907352,-14.18917638,-13.01053233,-11.81522557,-11.13928392,-15.34507452,-11.79340536
jsP28_4,2008-06-12,tk,20080612tk_0002.abf,28,m,good,-2.108619465,-0.87394972,-3.012377893,-2.308823066,-1.202053473,-0.40952312,4.08431289,2.15E-02,-3.18478314,-5.712630885,-1.855592062,3.945286463,-1.619167415,6.695555695,7.540909852,-82.7921262,-82.96449679,-78.54296423,-78.47343368,-65.49246932,-53.0342665,-52.92581133,-42.49207036,-35.00048352,-23.73802582,-26.32982365,-25.17296849,-12.44499687,-14.42221539,-16.59960285,-13.69086221,-11.23535257,-11.42723746,-12.2392128,-13.00120656,-14.71142918,-10.04792616,-6.015709189,2.132189141,0.711145649,-5.323315297,0.349628414,1.918051703,3.906361837,-2.375580707,-3.963448978,-6.007355819,-6.571884219,-4.352764567,-4.177551755,-12.62856305,-7.39502049,-1.357821302,-6.735970757,-5.039612653,-13.83266154,-17.06125655,-11.16031088,-11.78317423,-8.593573173,-5.462307062,-6.62196978,-9.858848836,-15.4594891,-7.650855458
jsP28_5,2008-06-12,rp,08612007.abf,28,m,noisy? Looks like runup,-11.72751489,-3.692028897,-9.470353137,3.034234277,-3.069146886,3.377219851,8.017968082,-10.1023535,-0.432772589,-14.99588955,11.35855023,9.886860558,-1.245353286,14.83455223,4.226027514,-63.99403118,-45.9278036,-59.76859923,-58.65813183,-57.48439047,-62.02569938,-62.1521857,-61.01460969,-63.47034205,-65.63724444,-57.80938578,-61.09581231,-58.53176873,-49.11485242,-63.43429991,-59.54285841,-52.96101021,-41.11559339,-37.09785039,-48.32038521,-36.80895882,-36.37552905,-42.97549073,-43.37275514,-42.24411266,-38.82226628,-47.30911069,-41.5399048,-30.87722447,-49.97265521,-37.40479383,-44.41994857,-38.17227565,-49.83717375,-42.56017445,-34.01005606,-30.73262466,-30.05558703,-36.84500096,-39.12927133,-35.92417064,-36.46585003,-41.28717859,-38.93063912,-44.97080792,-33.66700888,-31.41890386,-25.81216483,-42.21700404,-33.70317423
jsP28_6,2008-10-27,be,2008_10_27_0002.abf,28,m,"great recording, good ltd,",-2.45216196,-8.321308077,-7.527526597,4.171972729,6.838248629,-0.842256248,-1.171995972,-9.199059018,3.126528391,7.324510375,1.80732397,-5.504034463,9.856729768,-0.143492841,2.036521314,-77.71347394,-68.39519629,-39.41750729,-39.99890987,-37.47221478,-31.35140581,-31.46324233,-36.06916366,-33.68794199,-29.09871633,-19.0649796,-23.1679435,-36.37103633,-44.40362368,-21.81510219,-18.35516758,-27.74587502,-18.19287572,-18.99795134,-17.30419893,-20.25565182,-16.39858093,-29.75831854,-36.99147735,-30.64699533,-28.90303311,-28.61233182,-33.35267795,-42.16762989,-37.29899708,-40.31747822,-25.26411096,-15.95700469,-34.34766696,-35.18588842,-24.72199234,-38.41134691,-18.69607868,-23.93925947,-31.99406681,-20.11030117,-26.1751305,-29.45644588,-30.88748682,-21.49653385,-9.685320763,-28.28823917,-34.62707411,-37.71270627,-25.29197802
jsP28_7,2008-04-25,NA,08425004.abf,27,f,"dying, sucks",6.85203938,1.31E-02,-0.382722594,-4.287854214,-1.680007582,0.841361359,-4.650450511,-2.47840121,-0.911635946,2.068734575,0.418840686,-1.187754552,2.660861564,7.078221006,-4.354357114,-7.01883886,-8.535667144,-8.389265076,-13.86780029,-5.289105609,-8.352664559,-9.330592095,-14.11724597,-17.07429263,-13.24571111,-14.78580345,-13.83113997,-19.84187779,-18.53125634,-13.44856888,-19.41606786,-6.69284308,-9.786364218,-8.432563727,-15.78376558,-14.84566802,-13.66147385,-22.4330389,-24.90787973,-19.4127786,-20.63680274,-24.49875532,-24.23262411,-18.07219496,-22.45636275,-17.66976869,-16.63861491,-15.27811628,-18.28175086,-16.67180655,-19.3362883,-17.7063094,-26.31496627,-22.28663683,-20.71664211,-27.16305766,-15.70721548,-26.38146917,-19.68213926,-20.53369933,-26.41466081,-32.4187005,-25.87253061,-24.69497476,-26.46794686
jsP28_8,2008-04-25,NA,2008_04_25_0009.abf,27,f,weird jump instead of smooth growth,-0.210289603,-1.848959821,2.415735171,-1.132935526,-0.661981244,1.937783283,3.350607681,1.501893929,5.118772063,-2.361938189,-1.770179078,0.129286543,-0.852839033,-3.932285625,-1.682670551,-84.52560113,-76.23955098,-74.85475545,-73.35788288,-71.72278837,-79.27520486,-79.97204341,-71.44261498,-47.1604598,-58.84111797,-33.14263959,-35.51659675,-34.21235059,-32.7767263,-34.51693871,-39.5309543,-39.35586035,-42.37229003,-38.48054439,-44.31212646,-42.38286334,-39.74980251,-37.67697312,-43.47698906,-38.23893473,-28.91823851,-34.4802205,-34.31743003,-31.42872588,-34.7743122,-36.17314139,-33.69060599,-33.77642279,-38.45251551,-46.0348064,-41.62654513,-39.30856883,-40.47809184,-44.84083022,-31.32191626,-35.72494855,-38.57332034,-37.41613926,-36.02957511,-34.11076995,-39.16857826,-40.82474249,-44.72348574,-44.29463244,-44.6745025
jsP28_9,2008-06-11,be,2008_06_11_0001.abf,27,m,decreasing signal?,2.56450188,1.041865085,7.766705707,7.336749521,-11.66063012,-6.042436199,-0.657093648,4.411351575,6.081962462,0.231249701,8.316537535,3.643050131,-5.429258158,-2.64493439,-14.95962108,-81.35518111,-74.3341429,-70.42189077,-74.07344248,-59.64389009,-45.58094768,-48.38646998,-33.99923153,-37.31942103,-47.13168292,-38.44020009,-48.04105854,-49.33109336,-49.07030981,-40.4279577,-39.44816969,-42.79654078,-25.0750636,-31.58841765,-46.37044766,-21.15582841,-28.31062522,-16.39056382,-27.67616551,-26.45670935,-24.16568798,-13.47938136,-24.80713073,-17.30700562,-16.86291708,-20.07736329,-17.09543592,-9.038329668,-46.22945661,-38.55300956,-29.76268336,-24.55341335,-24.16568798,-30.93284254,-25.46287211,-38.34858917,-27.71149641,-45.59491377,-32.51882555,-32.77977537,-38.68693443,-43.09257209,-36.81182002,-43.61422234,-39.10275825
jsP28_10,2008-06-12,js,2008_06_12_0002.abf,28,m,good,-6.458294077,-1.534816271,0.895261777,5.707321479,2.989445861,-0.704645987,-1.162654817,1.937844782,4.08926045,-2.854578162,-2.819911282,-1.212390859,-1.837604925,-0.102035664,3.067797695,-22.03028199,-7.311029065,9.38E-02,1.225260808,-0.668534653,-3.157405855,-3.701262062,-2.886199979,-0.804079032,-2.039516079,2.560091862,6.150222107,3.406775762,1.419598343,1.062506051,-6.081643106,-0.433479149,-4.555480542,-3.413464491,-4.472600151,-6.298584384,-3.949825156,-12.16072263,-7.323092202,-9.561877779,-9.597989113,-6.95842629,-6.220232549,-1.38416369,-4.547985001,-10.91322245,-4.279746109,-8.84468717,-4.832659429,-3.363767488,0.859111404,-5.777292881,-5.581471854,-1.808989133,-4.428915197,-2.991645074,-3.998038667,-5.750199621,-0.933689441,-6.913257844,-3.88E-02,-2.488467797,-2.589423374,-5.478993744,-4.859791728
jsP28_11,2008-06-12,be,2008_06_12_0002.abf,28,m,good,2.507516953,-3.809985193,-1.825800658,2.274239059,-0.518527563,-0.880346337,1.143290902,3.096354085,-1.14465742,1.485317202,-0.253158531,0.86438893,-1.418401888,-1.122969453,-0.397260087,-36.48387795,-39.68721719,-40.24290524,-45.07689751,-46.87660208,-37.92074987,-40.00967142,-42.55985901,-38.72518833,-43.69711078,-40.06975415,-37.77872014,-42.09131957,-35.58197589,-33.96375376,-18.72667827,-25.14675745,-19.91986913,-20.59276918,-24.66164346,-21.44900308,-17.18625953,-23.92147545,-17.11780137,-18.56913194,-14.21408228,-18.53078126,-13.87818327,-20.62900395,-21.68743848,-18.38147812,-12.32938909,-10.57010702,-7.98677034,-11.54774064,-13.45830951,-11.52283474,-14.31463158,-10.59399905,-11.72604923,-12.23298343,-11.63687289,-12.75027672,-11.83907352,-14.18917638,-13.01053233,-11.81522557,-11.13928392,-15.34507452,-11.79340536
jsP28_12,2008-06-12,tk,20080612tk_0002.abf,28,m,good,-2.108619465,-0.87394972,-3.012377893,-2.308823066,-1.202053473,-0.40952312,4.08431289,2.15E-02,-3.18478314,-5.712630885,-1.855592062,3.945286463,-1.619167415,6.695555695,7.540909852,-82.7921262,-82.96449679,-78.54296423,-78.47343368,-65.49246932,-53.0342665,-52.92581133,-42.49207036,-35.00048352,-23.73802582,-26.32982365,-25.17296849,-12.44499687,-14.42221539,-16.59960285,-13.69086221,-11.23535257,-11.42723746,-12.2392128,-13.00120656,-14.71142918,-10.04792616,-6.015709189,2.132189141,0.711145649,-5.323315297,0.349628414,1.918051703,3.906361837,-2.375580707,-3.963448978,-6.007355819,-6.571884219,-4.352764567,-4.177551755,-12.62856305,-7.39502049,-1.357821302,-6.735970757,-5.039612653,-13.83266154,-17.06125655,-11.16031088,-11.78317423,-8.593573173,-5.462307062,-6.62196978,-9.858848836,-15.4594891,-7.650855458
jsP28_13,2008-06-12,rp,08612007.abf,28,m,noisy? Looks like runup,-11.72751489,-3.692028897,-9.470353137,3.034234277,-3.069146886,3.377219851,8.017968082,-10.1023535,-0.432772589,-14.99588955,11.35855023,9.886860558,-1.245353286,14.83455223,4.226027514,-63.99403118,-45.9278036,-59.76859923,-58.65813183,-57.48439047,-62.02569938,-62.1521857,-61.01460969,-63.47034205,-65.63724444,-57.80938578,-61.09581231,-58.53176873,-49.11485242,-63.43429991,-59.54285841,-52.96101021,-41.11559339,-37.09785039,-48.32038521,-36.80895882,-36.37552905,-42.97549073,-43.37275514,-42.24411266,-38.82226628,-47.30911069,-41.5399048,-30.87722447,-49.97265521,-37.40479383,-44.41994857,-38.17227565,-49.83717375,-42.56017445,-34.01005606,-30.73262466,-30.05558703,-36.84500096,-39.12927133,-35.92417064,-36.46585003,-41.28717859,-38.93063912,-44.97080792,-33.66700888,-31.41890386,-25.81216483,-42.21700404,-33.70317423
jsP28_14,2008-09-10,be,2008_09_10_0005.abf,27,m,"wacky post, OMIT",-7.390108984,6.721003362,7.946750782,-1.69151587,-4.421463765,1.571604183,-3.633518195,-7.732323282,0.720060304,-3.323130207,5.017806983,-1.134446825,0.879191854,4.333378387,2.136711272,-47.17663519,-43.00619375,-36.77442848,-45.73614164,-18.67584882,-31.33044584,-35.07910721,-33.86145214,-28.5846391,-28.41752382,-18.36546083,-25.82291921,-18.73950144,-19.56725705,-21.58882515,-13.87659336,-8.440648766,-13.14437098,-0.983190386,-2.177002873,1.332852547,0.274329032,8.925654211,1.078133446,-3.076394839,2.19243447,2.5744045,-6.498755063,12.85739833,11.39295358,14.44914831,1.913872792,12.63450553,15.60320507,-2.065556478,12.37185701,16.19220904,2.144695005,-1.842772308,-2.861431469,4.150295639,9.626050273,-0.290723746,5.574984651,3.242974252,0.903088742,-2.360085622,-15.61965409,-32.26964785,-16.06527674
jsP28_15,2008-09-11,rp,08911005.abf,28,m,"darn, looks like rundown, OMIT",8.329542481,7.051549523,3.558402233,5.688474157,9.735347285,3.686276823,3.00461365,14.0378441,-1.042259477,-16.93171258,-10.32891628,-21.19160545,-7.176600581,4.240065406,-2.661021278,-49.52003107,-53.3539472,-33.46016217,-22.42699446,-33.50282886,-43.38575271,-30.05228552,-35.88833624,-20.80823266,-10.96785002,-11.90507414,-38.35911426,-24.04575626,-18.67828623,-25.70712201,-28.13523334,-20.08402829,-21.4471664,-27.19813471,-23.15119884,-27.79452724,-27.7519233,-13.77945963,-27.41109171,-21.23427215,-18.46526649,-27.28334261,-12.07536444,-17.82627001,-24.85510579,-31.0319881,-32.94897754,-13.48116924,-22.93824184,-24.00308957,-43.89700009,-24.6421488,-22.25664142,-35.12152792,-36.27170903,-28.47606493,-29.11506141,-17.57070906,-33.71578586,-38.9128401,-6.281917667,-35.07898672,-16.42052795,-26.51653428,-22.17143352
jsP28_16,2008-09-11,rp,08911013.abf,27,m,"weird and wavy, damn ross's rig, OMIT",0.866221936,2.096668551,2.661610836,8.746730982,3.920783329,6.089565716,-19.76857734,-4.874101787,-2.01113213,-3.102715527,1.857286227,-0.412058205,-2.829841147,4.945339676,1.814218878,-40.62833158,-31.00516216,-23.05290282,-19.94093261,-20.46280754,-15.00961379,-14.21486448,-6.128551042,-0.694507878,-2.279240333,-2.465980015,-0.431208791,-3.801711914,1.881245929,2.881885512,0.713060187,0.780087238,5.11769495,0.95716575,-1.450956022,-2.178635349,-5.08480117,-6.904149772,0.703484894,-3.528880472,-2.619184702,-3.902273959,-1.111054591,-5.8603999,-7.947899643,-5.913085481,-16.01501956,-20.78355839,-11.6583042,-11.52420716,-14.29146682,-13.83666188,-8.192005206,-11.87372682,-11.30401836,-20.95114749,-15.51238108,-18.23172135,-12.38598352,-13.13289931,-10.04965498,-9.551696806,-9.594764155,-8.402661651,-5.185363216
jsP28_17,2008-09-11,tk,20080910tk_0005.abf,27,m,"dying or something, damn, OMIT",3.042558824,2.757097913,1.5138821,4.190635428,0.682907336,1.640705523,-1.537151818,-1.809887102,-6.091411206,-2.666183266,-1.657612427,4.653692414,-2.279263617,0.771727016,-3.211697119,-10.4681178,-18.4983345,-27.68939671,-13.07509661,-15.37756934,-16.0816774,-13.5064261,-20.80721334,-23.55374119,-19.9636428,-21.48591342,-23.24927841,-22.79262752,-20.48374868,-16.51300689,-15.56793433,-13.77916138,-19.77968391,-10.12556471,-16.88728748,-19.03757211,-22.11392743,-17.37570915,-15.90408132,-23.98511396,-21.13712737,-21.1117194,-32.44674672,-33.16977007,-30.30914443,-27.67039484,-35.50405688,-41.21275568,-45.0376289,-34.60335087,-45.59578181,-36.04961402,-37.83198087,-46.84540372,-41.72022251,-46.32529784,-43.94032495,-42.39255978,-42.52583259,-46.72485654,-46.68676623,-48.01252548,-50.86055535,-54.65370107,-53.30257714
jsP28_18,2008-09-11,be,2008_09_11_0013.abf,27,m,"damnit, so wavy, must be flow issue, OMIT",3.437288981,2.486694004,5.317907258,0.74915995,-2.795204771,4.465051892,5.654104476,1.783731796,2.771751772,-1.025895685,2.843318028,-1.559648607,-9.140214972,-7.534368624,-7.453675497,-86.52651742,-82.04976318,-81.17532204,-79.31735192,-77.22203487,-77.6774126,-72.33297786,-59.10930112,-49.68216115,-47.71524807,-46.28541994,-43.34859576,-37.29665952,-34.60630913,-28.9858952,-51.38338089,-50.01835837,-51.7320853,-55.1333658,-52.79167153,-55.31966986,-53.49458545,-50.0376745,-55.42866111,-53.73198067,-57.00838239,-62.82070206,-59.40005714,-61.1784931,-64.11990487,-58.03609702,-59.22061031,-58.80048451,-59.11842799,-45.43710387,-44.6955094,-40.60599524,-40.42085015,-35.86461004,-39.77356668,-30.5076681,-23.10205757,-24.61475189,-25.77652044,-23.81979662,-25.86962418,-24.20471877,-27.62541198,-27.78776404,-29.4094979
jsP28_19,2008-09-12,rp,08912011.abf,28,m,"could be rundown at the end, keep for now,",8.845283151,-2.809578667,-0.940925739,-1.694966849,-12.35007573,11.36969246,2.35385022,-5.497989224,7.845364474,-3.77676339,-4.416111359,2.649035893,1.30487205,-0.334394595,-2.547292689,-30.51277889,-31.34877919,-26.74249047,-26.43106213,-26.7424076,-28.709511,-29.75873778,-26.18510169,-17.10370868,-16.66117878,-14.44819781,-3.547377107,-4.05537491,-17.05456631,-5.301419764,-15.02199501,-12.61227884,-7.596277047,-2.547292689,-8.120766133,-7.448684211,-9.923951154,4.173443654,-6.088194827,-15.18583051,-23.08697806,-17.16934232,-13.38272836,-4.284926935,-2.301497994,-21.18550831,-23.25089644,-14.51374859,-6.891295431,-8.350318157,-14.54656542,-14.03848474,-7.104439044,-20.1363644,-9.219052409,-15.13660528,-15.15309656,-19.84134447,-6.186396686,-18.52991458,-20.20191518,-18.90697657,-19.9396292,-16.69391273,-23.59514161
jsP28_20,2008-10-03,rp,08o03002.abf,27,m,"too unstable, OMIT",-1.526865294,7.498153602,-18.13297189,15.76100348,7.177224581,2.965542445,-12.39705148,5.773397043,1.802336853,3.526993652,2.283780265,3.767715358,-8.28E-02,-23.22713402,4.810709738,36.41837758,-9.468885913,-4.454931104,-6.219791321,-2.489552598,-19.93793577,0.31840176,-19.7776209,4.770606081,5.612982412,10.0252826,31.28421156,23.42239826,2.604509766,-8.82702787,14.43748302,9.303217238,13.87583229,34.41279566,7.618564336,-0.443966777,16.5231725,-0.323456284,15.44027398,13.11376304,10.30590844,8.420737249,25.62849847,10.94766672,2.965642206,23.62291655,33.77103738,16.32265421,26.47077504,27.87470234,34.69362102,31.36451864,34.1319703,30.88317499,26.99212259,30.40173157,32.96886446,30.80286791,-3.853276479,9.463532108,7.377742869,12.51210841,-7.222682044,34.49300298,16.68368689
jsP28_21,2008-10-03,tk,20081003tk_0007.abf,27,m,"looks pretty good, no ltd, maybe rundown at pre bease t=-14 and -2",7.215466036,17.17301251,-7.20342291,6.129950768,4.916348694,0.429043903,-7.938628476,-3.545459772,-1.870073439,-1.169181703,6.634309593,-4.408661367,1.531625308,-14.82762899,-3.066700153,-30.06723574,-40.72549239,-30.3748801,-31.50315149,-18.84479801,-30.1526572,-30.38341317,-22.87912394,-29.96447581,-18.02417098,-25.85335226,-24.44312649,-7.844492388,-20.20373458,-19.13537623,-10.82752611,-16.36612311,-14.2378487,-8.682185555,-5.032483153,-14.90451738,0.232420214,-12.2720657,-6.015510819,-1.878697285,5.668529619,-15.94727653,1.03E-02,1.437579998,-16.16949942,-1.767585838,4.070213236,8.873604677,-0.126422556,-13.83606825,-7.152224498,-10.02414677,-20.81067178,4.292345353,-14.46860466,-7.118092224,-4.622351193,0.599977608,9.147207538,1.90771577,-6.100932283,-0.75033512,-10.52832404,-11.03268286,-10.15223358
jsP28_22,2008-10-04,tk,20081003tk_0011.abf,28,m,"looks like dying, probably have to omit,",-0.198179753,-1.006980176,-4.962245612,5.862196559,2.430753643,-2.433337573,-0.346924658,1.698212943,0.13681083,2.51326932,2.974532305,-1.289511618,-4.412210997,1.758221168,-2.72460638,-45.05245763,-39.64088311,-33.8429423,-35.52810045,-34.82554639,-34.21302214,-38.950806,-40.30719458,-43.93617185,-42.60480708,-52.6517286,-46.22378881,-50.49663999,-46.30508125,-50.70909777,-48.43643917,-49.13029082,-44.65745882,-46.99763977,-48.73773848,-43.59115077,-49.07905491,-40.35091635,-46.08633258,-46.75264405,-44.82626472,-49.08401774,-46.55636788,-48.54897644,-48.2402329,-49.03274688,-46.55011192,-46.08755581,-50.07780565,-49.34781627,-48.50018699,-52.0292088,-55.51318076,-50.83414694,-57.19830396,-53.7343231,-58.63091731,-60.83486527,-56.77454175,-54.16937399,-59.66975509,-59.79473436,-63.40749508,-59.03972116,-58.43593427
jsP28_23,2008-10-27,be,2008_10_27_0002.abf,28,m,"great recording, good ltd,",-2.45216196,-8.321308077,-7.527526597,4.171972729,6.838248629,-0.842256248,-1.171995972,-9.199059018,3.126528391,7.324510375,1.80732397,-5.504034463,9.856729768,-0.143492841,2.036521314,-77.71347394,-68.39519629,-39.41750729,-39.99890987,-37.47221478,-31.35140581,-31.46324233,-36.06916366,-33.68794199,-29.09871633,-19.0649796,-23.1679435,-36.37103633,-44.40362368,-21.81510219,-18.35516758,-27.74587502,-18.19287572,-18.99795134,-17.30419893,-20.25565182,-16.39858093,-29.75831854,-36.99147735,-30.64699533,-28.90303311,-28.61233182,-33.35267795,-42.16762989,-37.29899708,-40.31747822,-25.26411096,-15.95700469,-34.34766696,-35.18588842,-24.72199234,-38.41134691,-18.69607868,-23.93925947,-31.99406681,-20.11030117,-26.1751305,-29.45644588,-30.88748682,-21.49653385,-9.685320763,-28.28823917,-34.62707411,-37.71270627,-25.29197802
,,,,,,,,,,,,,,,,,,,,,,,,,,,,,,,,,,,,,,,,,,,,,,,,,,,,,,,,,,,,,,,,,,,,,,,
,,,,,,,,,,,,,,,,,,,,,,,,,,,,,,,,,,,,,,,,,,,,,,,,,,,,,,,,,,,,,,,,,,,,,,,
,,,,,,,,,,,,,,,,,,,,,,,,,,,,,,,,,,,,,,,,,,,,,,,,,,,,,,,,,,,,,,,,,,,,,,,
,,,,,,,,,,,,,,,,,,,,,,,,,,,,,,,,,,,,,,,,,,,,,,,,,,,,,,,,,,,,,,,,,,,,,,,
,,,,,,,,,,,,,,,,,,,,,,,,,,,,,,,,,,,,,,,,,,,,,,,,,,,,,,,,,,,,,,,,,,,,,,,
,,,,,,,,,,,,,,,,,,,,,,,,,,,,,,,,,,,,,,,,,,,,,,,,,,,,,,,,,,,,,,,,,,,,,,,
,,,,,,,,,,,,,,,,,,,,,,,,,,,,,,,,,,,,,,,,,,,,,,,,,,,,,,,,,,,,,,,,,,,,,,,
,,,,,,,,,,,,,,,,,,,,,,,,,,,,,,,,,,,,,,,,,,,,,,,,,,,,,,,,,,,,,,,,,,,,,,,
,,,,,,,,,,,,,,,,,,,,,,,,,,,,,,,,,,,,,,,,,,,,,,,,,,,,,,,,,,,,,,,,,,,,,,,
,,,,,,,,,,,,,,,,,,,,,,,,,,,,,,,,,,,,,,,,,,,,,,,,,,,,,,,,,,,,,,,,,,,,,,,
,,,,,,,,,,,,,,,,,,,,,,,,,,,,,,,,,,,,,,,,,,,,,,,,,,,,,,,,,,,,,,,,,,,,,,,
