"Cell","AgeGroup","Exp","tmnt","mag","Protocol","Course","Time","TCOR","norm"
"1","17104.P1","PND21","EtOH[100mM]","Control",166.836685249046,"NMDAr",5,-20,-12,1.2226434786313
"2","17104.P1","PND21","EtOH[100mM]","Control",168.239040558182,"NMDAr",5,-19,-11,1.23292047838635
"3","17104.P1","PND21","EtOH[100mM]","Control",137.438086384988,"NMDAr",5,-18,-10,1.00719922469888
"4","17104.P1","PND21","EtOH[100mM]","Control",104.442773127032,"NMDAr",5,-17,-9,0.765396862586394
"5","17104.P1","PND21","EtOH[100mM]","Control",158.306295959277,"NMDAr",7,-12,-8,1.16012950084665
"6","17104.P1","PND21","EtOH[100mM]","Control",149.12195859789,"NMDAr",7,-11,-7,1.09282313975654
"7","17104.P1","PND21","EtOH[100mM]","Control",210.425957267208,"NMDAr",7,-10,-6,1.54208245029233
"8","17104.P1","PND21","EtOH[100mM]","Control",184.602274527994,"NMDAr",7,-9,-5,1.3528365584298
"9","17104.P1","PND21","EtOH[100mM]","Control",130.077537534446,"NMDAr",9,-4,-4,0.953258288160681
"10","17104.P1","PND21","EtOH[100mM]","Control",159.367145053235,"NMDAr",9,-3,-3,1.16790381154219
"11","17104.P1","PND21","EtOH[100mM]","Control",91.8215753448104,"NMDAr",9,-2,-2,0.672903864790892
"12","17104.P1","PND21","EtOH[100mM]","Control",116.410022837636,"NMDAr",9,-1,-1,0.853097477076432
"13","17104.P1","PND21","EtOH[100mM]","100mM",102.880563844834,"NMDAr",11,4,0,0.753948391356668
"14","17104.P1","PND21","EtOH[100mM]","100mM",108.373727646423,"NMDAr",11,5,1,0.794204411122589
"15","17104.P1","PND21","EtOH[100mM]","100mM",131.472626753897,"NMDAr",11,6,2,0.963482039212342
"16","17104.P1","PND21","EtOH[100mM]","100mM",103.381924033074,"NMDAr",11,7,3,0.757622551890857
"17","17104.P1","PND21","EtOH[100mM]","100mM",42.0488610050183,"NMDAr",13,12,4,0.308150246541496
"18","17104.P1","PND21","EtOH[100mM]","100mM",62.226792059267,"NMDAr",13,13,5,0.456021895866836
"19","17104.P1","PND21","EtOH[100mM]","100mM",55.1060241683187,"NMDAr",13,14,6,0.403838166540645
"20","17104.P1","PND21","EtOH[100mM]","100mM",42.7536717044287,"NMDAr",13,15,7,0.313315370770722
"21","17104.P1","PND21","EtOH[100mM]","100mM",38.6410649429219,"NMDAr",15,20,8,0.283176604649678
"22","17104.P1","PND21","EtOH[100mM]","100mM",14.0090209119881,"NMDAr",15,21,9,0.102663500143771
"23","17104.P1","PND21","EtOH[100mM]","100mM",19.0662193324986,"NMDAr",15,22,10,0.139724597706047
"24","17104.P1","PND21","EtOH[100mM]","100mM",23.5639288472912,"NMDAr",15,23,11,0.172685545106976
"25","17106.P2","PND21","EtOH[100mM]","Control",214.851005885154,"NMDAr",5,-12,-8,0.856174101377682
"26","17106.P2","PND21","EtOH[100mM]","Control",222.32781217065,"NMDAr",5,-11,-7,0.885968925359476
"27","17106.P2","PND21","EtOH[100mM]","Control",222.335078260335,"NMDAr",5,-10,-6,0.885997880484825
"28","17106.P2","PND21","EtOH[100mM]","Control",213.51404538318,"NMDAr",5,-9,-5,0.850846358313883
"29","17106.P2","PND21","EtOH[100mM]","Control",243.421270525164,"NMDAr",7,-4,-4,0.970025654241059
"30","17106.P2","PND21","EtOH[100mM]","Control",263.112373570541,"NMDAr",7,-3,-3,1.04849404393072
"31","17106.P2","PND21","EtOH[100mM]","Control",276.627300383974,"NMDAr",7,-2,-2,1.10235057707565
"32","17106.P2","PND21","EtOH[100mM]","Control",258.040642970662,"NMDAr",7,-1,-1,1.02828336643869
"33","17106.P2","PND21","EtOH[100mM]","100mM",265.241337848141,"NMDAr",9,4,0,1.05697789565731
"34","17106.P2","PND21","EtOH[100mM]","100mM",257.495686244313,"NMDAr",9,5,1,1.02611173203769
"35","17106.P2","PND21","EtOH[100mM]","100mM",267.442963022587,"NMDAr",9,6,2,1.06575129863737
"36","17106.P2","PND21","EtOH[100mM]","100mM",264.841702915485,"NMDAr",9,7,3,1.05538536376324
"37","17106.P2","PND21","EtOH[100mM]","100mM",262.509288126716,"NMDAr",11,12,4,1.04609076852694
"38","17106.P2","PND21","EtOH[100mM]","100mM",246.712809152306,"NMDAr",11,13,5,0.983142326023129
"39","17106.P2","PND21","EtOH[100mM]","100mM",243.537527960118,"NMDAr",11,14,6,0.970488936246605
"40","17106.P2","PND21","EtOH[100mM]","100mM",242.411284058998,"NMDAr",11,15,7,0.966000891817859
"41","17106.P2","PND21","EtOH[100mM]","100mM",227.181560079991,"NMDAr",13,20,8,0.9053109490911
"42","17106.P2","PND21","EtOH[100mM]","100mM",222.916365435106,"NMDAr",13,21,9,0.888314290512562
"43","17106.P2","PND21","EtOH[100mM]","100mM",218.404123740944,"NMDAr",13,22,10,0.870333157672239
"44","17106.P2","PND21","EtOH[100mM]","100mM",209.692082209059,"NMDAr",13,23,11,0.8356159623815
"45","17106.P3","PND21","EtOH[100mM]","Control",90.9133141342305,"NMDAr",5,-20,-12,0.855989601149351
"46","17106.P3","PND21","EtOH[100mM]","Control",90.4846148428364,"NMDAr",5,-19,-11,0.851953205172062
"47","17106.P3","PND21","EtOH[100mM]","Control",93.9214752636717,"NMDAr",5,-18,-10,0.884312786481497
"48","17106.P3","PND21","EtOH[100mM]","Control",77.3765890517436,"NMDAr",5,-17,-9,0.728535267154683
"49","17106.P3","PND21","EtOH[100mM]","Control",97.7652367068466,"NMDAr",7,-12,-8,0.920503523294794
"50","17106.P3","PND21","EtOH[100mM]","Control",117.608927635602,"NMDAr",7,-11,-7,1.10734076759937
"51","17106.P3","PND21","EtOH[100mM]","Control",122.738786952958,"NMDAr",7,-10,-6,1.15564069234453
"52","17106.P3","PND21","EtOH[100mM]","Control",100.511818607641,"NMDAr",7,-9,-5,0.946363822945886
"53","17106.P3","PND21","EtOH[100mM]","Control",108.5263155298,"NMDAr",9,-4,-4,1.0218239036738
"54","17106.P3","PND21","EtOH[100mM]","Control",113.837827089273,"NMDAr",9,-3,-3,1.07183416569748
"55","17106.P3","PND21","EtOH[100mM]","Control",107.937762265344,"NMDAr",9,-2,-2,1.01628241089143
"56","17106.P3","PND21","EtOH[100mM]","Control",100.22844110994,"NMDAr",9,-1,-1,0.943695696791408
"57","17106.P3","PND21","EtOH[100mM]","100mM",120.958594980221,"NMDAr",11,4,0,1.13887938701512
"58","17106.P3","PND21","EtOH[100mM]","100mM",100.722535208496,"NMDAr",11,5,1,0.948347814188962
"59","17106.P3","PND21","EtOH[100mM]","100mM",100.155780213094,"NMDAr",11,6,2,0.943011561880007
"60","17106.P3","PND21","EtOH[100mM]","100mM",122.70972259422,"NMDAr",11,7,3,1.15536703837997
"61","17106.P3","PND21","EtOH[100mM]","100mM",136.355439021976,"NMDAr",13,12,4,1.28384757474174
"62","17106.P3","PND21","EtOH[100mM]","100mM",135.476242170134,"NMDAr",13,13,5,1.27556954231374
"63","17106.P3","PND21","EtOH[100mM]","100mM",110.139387439791,"NMDAr",13,14,6,1.03701169870699
"64","17106.P3","PND21","EtOH[100mM]","100mM",131.625214637275,"NMDAr",13,15,7,1.23931039200931
"65","17106.P3","PND21","EtOH[100mM]","100mM",156.0247437983,"NMDAr",15,20,8,1.46904289525895
"66","17106.P3","PND21","EtOH[100mM]","100mM",154.956628614658,"NMDAr",15,21,9,1.45898611206131
"67","17106.P3","PND21","EtOH[100mM]","100mM",136.900395748324,"NMDAr",15,22,10,1.28897858657727
"68","17106.P3","PND21","EtOH[100mM]","100mM",128.522594341933,"NMDAr",15,23,11,1.21009783129233
"69","17106.P5","PND21","EtOH[100mM]","Control",174.189968009903,"NMDAr",5,-36,-20,1.02279999658683
"70","17106.P5","PND21","EtOH[100mM]","Control",139.065690474347,"NMDAr",5,-35,-19,0.816559009497153
"71","17106.P5","PND21","EtOH[100mM]","Control",130.426309839309,"NMDAr",5,-34,-18,0.765830723678036
"72","17106.P5","PND21","EtOH[100mM]","Control",128.864100557111,"NMDAr",5,-33,-17,0.756657820859607
"73","17106.P5","PND21","EtOH[100mM]","Control",160.035625304221,"NMDAr",7,-28,-16,0.939689230585441
"74","17106.P5","PND21","EtOH[100mM]","Control",110.415498847807,"NMDAr",7,-27,-15,0.648332238273616
"75","17106.P5","PND21","EtOH[100mM]","Control",170.520592719159,"NMDAr",7,-26,-14,1.00125434112959
"76","17106.P5","PND21","EtOH[100mM]","Control",149.623318786131,"NMDAr",7,-25,-13,0.878550766684018
"77","17106.P5","PND21","EtOH[100mM]","Control",143.708721782833,"NMDAr",9,-20,-12,0.843821729966807
"78","17106.P5","PND21","EtOH[100mM]","Control",148.584267961227,"NMDAr",9,-19,-11,0.872449719693155
"79","17106.P5","PND21","EtOH[100mM]","Control",118.938622047891,"NMDAr",9,-18,-10,0.698377889464387
"80","17106.P5","PND21","EtOH[100mM]","Control",160.369865429715,"NMDAr",9,-17,-9,0.941651805141944
"81","17106.P5","PND21","EtOH[100mM]","Control",214.84373979547,"NMDAr",11,-12,-8,1.26150879318731
"82","17106.P5","PND21","EtOH[100mM]","Control",188.809340455401,"NMDAr",11,-11,-7,1.1086413011016
"83","17106.P5","PND21","EtOH[100mM]","Control",196.700313852921,"NMDAr",11,-10,-6,1.15497512650073
"84","17106.P5","PND21","EtOH[100mM]","Control",176.413391453403,"NMDAr",11,-9,-5,1.03585538385399
"85","17106.P5","PND21","EtOH[100mM]","Control",139.269140985517,"NMDAr",13,-4,-4,0.817753620096762
"86","17106.P5","PND21","EtOH[100mM]","Control",143.083838069954,"NMDAr",13,-3,-3,0.840152568839437
"87","17106.P5","PND21","EtOH[100mM]","Control",201.103564201813,"NMDAr",13,-2,-2,1.18082991304941
"88","17106.P5","PND21","EtOH[100mM]","Control",191.664913701465,"NMDAr",13,-1,-1,1.1254085141604
"89","17106.P5","PND21","EtOH[100mM]","100mM",203.879210461346,"NMDAr",15,4,0,1.19712781480122
"90","17106.P5","PND21","EtOH[100mM]","100mM",271.43931234914,"NMDAr",15,5,1,1.59382386320002
"91","17106.P5","PND21","EtOH[100mM]","100mM",177.525103175153,"NMDAr",15,6,2,1.04238307748756
"92","17106.P5","PND21","EtOH[100mM]","100mM",221.681130188717,"NMDAr",15,7,3,1.30165624226703
"93","17106.P5","PND21","EtOH[100mM]","100mM",150.204605960902,"NMDAr",17,12,4,0.881963939825757
"94","17106.P5","PND21","EtOH[100mM]","100mM",164.8239784064,"NMDAr",17,13,5,0.967805244340531
"95","17106.P5","PND21","EtOH[100mM]","100mM",119.803286720364,"NMDAr",17,14,6,0.70345498451273
"96","17106.P5","PND21","EtOH[100mM]","100mM",131.581618099167,"NMDAr",17,15,7,0.772614405297246
"97","17118.P1","PND21","EtOH[100mM]","Control",146.455303683627,"NMDAr",5,-20,-12,1.1161193864555
"98","17118.P1","PND21","EtOH[100mM]","Control",169.132769589392,"NMDAr",5,-19,-11,1.28894180187164
"99","17118.P1","PND21","EtOH[100mM]","Control",167.425238513502,"NMDAr",5,-18,-10,1.27592889971759
"100","17118.P1","PND21","EtOH[100mM]","Control",148.511607064381,"NMDAr",5,-17,-9,1.13179024309209
"101","17118.P1","PND21","EtOH[100mM]","Control",91.0659020176078,"NMDAr",8,-12,-8,0.694002990198793
"102","17118.P1","PND21","EtOH[100mM]","Control",102.771572499565,"NMDAr",8,-11,-7,0.783210587518691
"103","17118.P1","PND21","EtOH[100mM]","Control",117.681588532448,"NMDAr",8,-10,-6,0.896838141646822
"104","17118.P1","PND21","EtOH[100mM]","Control",111.694330632304,"NMDAr",8,-9,-5,0.851209923030068
"105","17118.P1","PND21","EtOH[100mM]","Control",125.260120073529,"NMDAr",10,-4,-4,0.954593277590121
"106","17118.P1","PND21","EtOH[100mM]","Control",153.234565359398,"NMDAr",10,-3,-3,1.16778337670968
"107","17118.P1","PND21","EtOH[100mM]","Control",124.11934399304,"NMDAr",10,-2,-2,0.945899551470178
"108","17118.P1","PND21","EtOH[100mM]","Control",141.783208016403,"NMDAr",10,-1,-1,1.08051387119996
"109","17118.P1","PND21","EtOH[100mM]","100mM",101.754319943715,"NMDAr",12,4,0,0.775458220277979
"110","17118.P1","PND21","EtOH[100mM]","100mM",117.492670200648,"NMDAr",12,5,1,0.895398416302124
"111","17118.P1","PND21","EtOH[100mM]","100mM",110.945923394786,"NMDAr",12,6,2,0.845506395702974
"112","17118.P1","PND21","EtOH[100mM]","100mM",122.164765867872,"NMDAr",12,7,3,0.931003931557673
"113","17118.P1","PND21","EtOH[100mM]","100mM",96.3120187699185,"NMDAr",14,12,4,0.733983055540173
"114","17118.P1","PND21","EtOH[100mM]","100mM",91.3274812462547,"NMDAr",14,13,5,0.695996456060689
"115","17118.P1","PND21","EtOH[100mM]","100mM",97.80156715527,"NMDAr",14,14,6,0.745334736142643
"116","17118.P1","PND21","EtOH[100mM]","100mM",94.2629814788497,"NMDAr",14,15,7,0.718367572955312
"117","17118.P1","PND21","EtOH[100mM]","100mM",119.992205052164,"NMDAr",16,20,8,0.914447090093581
"118","17118.P1","PND21","EtOH[100mM]","100mM",94.5536250662354,"NMDAr",16,21,9,0.720582535024087
"119","17118.P1","PND21","EtOH[100mM]","100mM",109.071272256148,"NMDAr",16,22,10,0.831219890359374
"120","17118.P1","PND21","EtOH[100mM]","100mM",134.037556412575,"NMDAr",16,23,11,1.02148513206711
"121","17209.P1","PND28","EtOH[100mM]","Control",110.139387439791,"NMDAr",6,-20,-12,0.549071598820572
"122","17209.P1","PND28","EtOH[100mM]","Control",153.597869843629,"NMDAr",6,-19,-11,0.765722689501782
"123","17209.P1","PND28","EtOH[100mM]","Control",153.08197747602,"NMDAr",6,-18,-10,0.763150840740981
"124","17209.P1","PND28","EtOH[100mM]","Control",144.260944598866,"NMDAr",6,-17,-9,0.71917584925344
"125","17209.P1","PND28","EtOH[100mM]","Control",187.087277200141,"NMDAr",8,-12,-8,0.93267551962212
"126","17209.P1","PND28","EtOH[100mM]","Control",198.553166722505,"NMDAr",8,-11,-7,0.98983576391153
"127","17209.P1","PND28","EtOH[100mM]","Control",196.097228409096,"NMDAr",8,-10,-6,0.977592314881224
"128","17209.P1","PND28","EtOH[100mM]","Control",186.934689316763,"NMDAr",8,-9,-5,0.931914831960471
"129","17209.P1","PND28","EtOH[100mM]","Control",193.728483171903,"NMDAr",10,-4,-4,0.965783544514718
"130","17209.P1","PND28","EtOH[100mM]","Control",194.440559960998,"NMDAr",10,-3,-3,0.969333420269067
"131","17209.P1","PND28","EtOH[100mM]","Control",195.348821171578,"NMDAr",10,-2,-2,0.97386132301696
"132","17209.P1","PND28","EtOH[100mM]","Control",232.507603818833,"NMDAr",10,-1,-1,1.15910688023878
"133","17209.P1","PND28","EtOH[100mM]","100mM",252.19870686421,"NMDAr",12,4,0,1.25727181181311
"134","17209.P1","PND28","EtOH[100mM]","100mM",177.06733952502,"NMDAr",12,5,1,0.882723696507353
"135","17209.P1","PND28","EtOH[100mM]","100mM",163.181842137671,"NMDAr",12,6,2,0.813501119297557
"136","17209.P1","PND28","EtOH[100mM]","100mM",156.300855206316,"NMDAr",12,7,3,0.779197728079516
"137","17209.P1","PND28","EtOH[100mM]","100mM",124.904081678982,"NMDAr",14,12,4,0.622677185890332
"138","17209.P1","PND28","EtOH[100mM]","100mM",131.988519121507,"NMDAr",14,13,5,0.657994827323901
"139","17209.P1","PND28","EtOH[100mM]","100mM",112.762445815946,"NMDAr",14,14,6,0.562148181956487
"140","17209.P1","PND28","EtOH[100mM]","100mM",123.036696630029,"NMDAr",14,15,7,0.613367817840661
"141","17209.P1","PND28","EtOH[100mM]","100mM",56.4139203115541,"NMDAr",16,20,8,0.281237095477169
"142","17209.P1","PND28","EtOH[100mM]","100mM",54.9607023746258,"NMDAr",16,21,9,0.273992451080539
"143","17209.P1","PND28","EtOH[100mM]","100mM",65.6709185697868,"NMDAr",16,22,10,0.3273854802837
"144","17209.P1","PND28","EtOH[100mM]","100mM",57.830807800059,"NMDAr",16,23,11,0.288300623763882
"145","17209.P2","PND28","EtOH[100mM]","Control",74.5137497159951,"NMDAr",6,-20,-12,0.538427612857157
"146","17209.P2","PND28","EtOH[100mM]","Control",98.0558802942326,"NMDAr",6,-19,-11,0.708540286251325
"147","17209.P2","PND28","EtOH[100mM]","Control",65.8743690809569,"NMDAr",6,-18,-10,0.476000462034421
"148","17209.P2","PND28","EtOH[100mM]","Control",110.931391215417,"NMDAr",6,-17,-9,0.801577217502705
"149","17209.P2","PND28","EtOH[100mM]","Control",139.596115021326,"NMDAr",8,-12,-8,1.00870514853356
"150","17209.P2","PND28","EtOH[100mM]","Control",133.201956098842,"NMDAr",8,-11,-7,0.962501706377125
"151","17209.P2","PND28","EtOH[100mM]","Control",171.312596494785,"NMDAr",8,-10,-6,1.23788472241182
"152","17209.P2","PND28","EtOH[100mM]","Control",139.966685595243,"NMDAr",8,-9,-5,1.01138284802218
"153","17209.P2","PND28","EtOH[100mM]","Control",160.093754021699,"NMDAr",10,-4,-4,1.15681868299188
"154","17209.P2","PND28","EtOH[100mM]","Control",135.316388197073,"NMDAr",10,-3,-3,0.977780344635678
"155","17209.P2","PND28","EtOH[100mM]","Control",123.240147141199,"NMDAr",10,-2,-2,0.890518843653852
"156","17209.P2","PND28","EtOH[100mM]","Control",133.34001180285,"NMDAr",10,-1,-1,0.96349928069641
"157","17209.P2","PND28","EtOH[100mM]","100mM",145.757759073902,"NMDAr",12,4,0,1.05322846552068
"158","17209.P2","PND28","EtOH[100mM]","100mM",141.201920841632,"NMDAr",12,5,1,1.02030851298422
"159","17209.P2","PND28","EtOH[100mM]","100mM",143.592464347879,"NMDAr",12,6,2,1.03758229988134
"160","17209.P2","PND28","EtOH[100mM]","100mM",121.89592054954,"NMDAr",12,7,3,0.880805620018688
"161","17209.P2","PND28","EtOH[100mM]","100mM",111.955909860951,"NMDAr",14,12,4,0.808980269030041
"162","17209.P2","PND28","EtOH[100mM]","100mM",93.6962264834479,"NMDAr",14,13,5,0.677037939326479
"163","17209.P2","PND28","EtOH[100mM]","100mM",57.4166406880346,"NMDAr",14,14,6,0.414885909000221
"164","17209.P2","PND28","EtOH[100mM]","100mM",85.9869053280436,"NMDAr",14,15,7,0.621331289181043
"165","17209.P2","PND28","EtOH[100mM]","100mM",73.4165701736144,"NMDAr",16,20,8,0.530499522214405
"166","17209.P2","PND28","EtOH[100mM]","100mM",87.3311319197022,"NMDAr",16,21,9,0.631044512816204
"167","17209.P2","PND28","EtOH[100mM]","100mM",91.5745282955326,"NMDAr",16,22,10,0.661706797156387
"168","17209.P2","PND28","EtOH[100mM]","100mM",78.3211807107472,"NMDAr",16,23,11,0.565939662504856
"169","17209.P3","PND28","EtOH[100mM]","Control",79.6872055714597,"NMDAr",6,-12,-8,0.87560878243513
"170","17209.P3","PND28","EtOH[100mM]","Control",62.1178007139974,"NMDAr",6,-11,-7,0.682554890219562
"171","17209.P3","PND28","EtOH[100mM]","Control",81.3002774814499,"NMDAr",6,-10,-6,0.893333333333333
"172","17209.P3","PND28","EtOH[100mM]","Control",81.2566809433421,"NMDAr",6,-9,-5,0.892854291417165
"173","17209.P3","PND28","EtOH[100mM]","Control",91.000507210446,"NMDAr",8,-4,-4,0.99992015968064
"174","17209.P3","PND28","EtOH[100mM]","Control",73.0459995996977,"NMDAr",8,-3,-3,0.802634730538923
"175","17209.P3","PND28","EtOH[100mM]","Control",111.120309547217,"NMDAr",8,-2,-2,1.22099800399201
"176","17209.P3","PND28","EtOH[100mM]","Control",98.61536919995,"NMDAr",8,-1,-1,1.08359281437126
"177","17209.P3","PND28","EtOH[100mM]","100mM",68.257646497519,"NMDAr",10,4,0,0.750019960079839
"178","17209.P3","PND28","EtOH[100mM]","100mM",86.1104288526823,"NMDAr",10,5,1,0.946187624750498
"179","17209.P3","PND28","EtOH[100mM]","100mM",86.5972568615534,"NMDAr",10,6,2,0.951536926147705
"180","17209.P3","PND28","EtOH[100mM]","100mM",82.5282466381543,"NMDAr",10,7,3,0.906826347305389
"181","17209.P3","PND28","EtOH[100mM]","100mM",105.387364786036,"NMDAr",12,12,4,1.15800399201597
"182","17209.P3","PND28","EtOH[100mM]","100mM",138.607926824215,"NMDAr",12,13,5,1.52303393213573
"183","17209.P3","PND28","EtOH[100mM]","100mM",139.392664510156,"NMDAr",12,14,6,1.53165668662675
"184","17209.P3","PND28","EtOH[100mM]","100mM",84.7008074538622,"NMDAr",12,15,7,0.930698602794413
"185","17209.P3","PND28","EtOH[100mM]","100mM",98.8333518904892,"NMDAr",14,20,8,1.0859880239521
"186","17209.P3","PND28","EtOH[100mM]","100mM",133.993959874468,"NMDAr",14,21,9,1.47233532934132
"187","17209.P3","PND28","EtOH[100mM]","100mM",104.537232292933,"NMDAr",14,22,10,1.14866267465071
"188","17209.P3","PND28","EtOH[100mM]","100mM",110.299241412853,"NMDAr",14,23,11,1.21197604790419
"189","17210.P1","PND28","EtOH[100mM]","Control",169.001979975069,"NMDAr",5,-40,-24,0.729250275910506
"190","17210.P1","PND28","EtOH[100mM]","Control",205.906449483361,"NMDAr",5,-39,-23,0.888494531955452
"191","17210.P1","PND28","EtOH[100mM]","Control",177.561433623576,"NMDAr",5,-38,-22,0.766184659375941
"192","17210.P1","PND28","EtOH[100mM]","Control",185.612260994159,"NMDAr",5,-37,-21,0.800924300190632
"193","17210.P1","PND28","EtOH[100mM]","Control",251.319510012369,"NMDAr",7,-32,-20,1.08445369720077
"194","17210.P1","PND28","EtOH[100mM]","Control",203.254326748467,"NMDAr",7,-31,-19,0.877050516705126
"195","17210.P1","PND28","EtOH[100mM]","Control",208.507709590463,"NMDAr",7,-30,-18,0.899719072940706
"196","17210.P1","PND28","EtOH[100mM]","Control",248.427606317881,"NMDAr",7,-29,-17,1.07197501755794
"197","17210.P1","PND28","EtOH[100mM]","Control",290.018703672767,"NMDAr",9,-24,-16,1.2514422594562
"198","17210.P1","PND28","EtOH[100mM]","Control",320.928649191231,"NMDAr",9,-23,-15,1.38481990568877
"199","17210.P1","PND28","EtOH[100mM]","Control",344.637899832215,"NMDAr",9,-22,-14,1.48712626668004
"200","17210.P1","PND28","EtOH[100mM]","Control",378.715860453182,"NMDAr",9,-21,-13,1.63417402428013
"201","17210.P1","PND28","EtOH[100mM]","Control",180.882036609457,"NMDAr",10,-20,-12,0.780513193538678
"202","17210.P1","PND28","EtOH[100mM]","Control",122.317353751249,"NMDAr",10,-19,-11,0.527804254038325
"203","17210.P1","PND28","EtOH[100mM]","Control",151.87580658837,"NMDAr",10,-18,-10,0.655350155513196
"204","17210.P1","PND28","EtOH[100mM]","Control",209.98999188613,"NMDAr",10,-17,-9,0.906115180094313
"205","17210.P1","PND28","EtOH[100mM]","Control",194.055457207711,"NMDAr",12,-12,-8,0.837357028193035
"206","17210.P1","PND28","EtOH[100mM]","Control",232.325951576717,"NMDAr",12,-11,-7,1.00249573592857
"207","17210.P1","PND28","EtOH[100mM]","Control",207.599448379883,"NMDAr",12,-10,-6,0.8957998896358
"208","17210.P1","PND28","EtOH[100mM]","Control",243.755510650657,"NMDAr",12,-9,-5,1.0518147386375
"209","17210.P1","PND28","EtOH[100mM]","Control",226.06984835824,"NMDAr",14,-4,-4,0.975500401324369
"210","17210.P1","PND28","EtOH[100mM]","Control",225.764672591486,"NMDAr",14,-3,-3,0.974183555733924
"211","17210.P1","PND28","EtOH[100mM]","Control",227.835508151608,"NMDAr",14,-2,-2,0.983119293669107
"212","17210.P1","PND28","EtOH[100mM]","Control",235.312314437104,"NMDAr",14,-1,-1,1.0153820106351
"213","17210.P1","PND28","EtOH[100mM]","100mM",259.29041039642,"NMDAr",16,4,0,1.11884844988462
"214","17210.P1","PND28","EtOH[100mM]","100mM",198.175330058903,"NMDAr",16,5,1,0.855134443664092
"215","17210.P1","PND28","EtOH[100mM]","100mM",206.262487877909,"NMDAr",16,6,2,0.890030851810978
"216","17210.P1","PND28","EtOH[100mM]","100mM",209.539494325682,"NMDAr",16,7,3,0.904171265175079
"217","17210.P1","PND28","EtOH[100mM]","100mM",210.781995661756,"NMDAr",18,12,4,0.909532707936192
"218","17210.P1","PND28","EtOH[100mM]","100mM",176.442455812141,"NMDAr",18,13,5,0.761356225544295
"219","17210.P1","PND28","EtOH[100mM]","100mM",214.909134602632,"NMDAr",18,14,6,0.927341476873685
"220","17210.P1","PND28","EtOH[100mM]","100mM",207.650311007675,"NMDAr",18,15,7,0.896019363900873
"221","17210.P1","PND28","EtOH[100mM]","100mM",170.506060539789,"NMDAr",20,16,8,0.735740443463427
"222","17210.P1","PND28","EtOH[100mM]","100mM",137.249168053187,"NMDAr",20,17,9,0.592235627570985
"223","17210.P1","PND28","EtOH[100mM]","100mM",208.289726899924,"NMDAr",20,18,10,0.898778468947529
"224","17210.P1","PND28","EtOH[100mM]","100mM",147.52341886727,"NMDAr",20,19,11,0.636569429116085
"225","17210.P1","PND28","EtOH[100mM]","100mM",184.108180429438,"NMDAr",22,24,12,0.794434132637706
"226","17210.P1","PND28","EtOH[100mM]","100mM",192.929213306592,"NMDAr",22,25,13,0.832497240894953
"227","17210.P1","PND28","EtOH[100mM]","100mM",207.991817222853,"NMDAr",22,26,14,0.897492976823517
"228","17210.P1","PND28","EtOH[100mM]","100mM",175.839370368316,"NMDAr",22,27,15,0.758753887829838
"229","17210.P1","PND28","EtOH[100mM]","100mM",216.100773310913,"NMDAr",24,32,16,0.932483445369721
"230","17210.P1","PND28","EtOH[100mM]","100mM",206.102633904847,"NMDAr",24,33,17,0.889341075549315
"231","17210.P1","PND28","EtOH[100mM]","100mM",199.948255941956,"NMDAr",24,34,18,0.862784689475271
"232","17210.P1","PND28","EtOH[100mM]","100mM",206.015440828631,"NMDAr",24,35,19,0.888964833952043
"233","17210.P1","PND28","EtOH[100mM]","100mM",249.25594054193,"NMDAr",26,40,20,1.07554931273201
"234","17210.P1","PND28","EtOH[100mM]","100mM",194.564083485637,"NMDAr",26,41,21,0.839551770843788
"235","17210.P1","PND28","EtOH[100mM]","100mM",262.116919283745,"NMDAr",26,42,22,1.13104494832949
"236","17210.P1","PND28","EtOH[100mM]","100mM",246.807268318206,"NMDAr",26,43,23,1.06498319454199
"237","17210.P1","PND28","EtOH[100mM]","100mM",246.400367295867,"NMDAr",28,48,24,1.06322740042139
"238","17210.P1","PND28","EtOH[100mM]","100mM",271.373917541978,"NMDAr",28,49,25,1.17098926457309
"239","17210.P1","PND28","EtOH[100mM]","100mM",238.901762741317,"NMDAr",28,50,26,1.03087062305609
"240","17210.P1","PND28","EtOH[100mM]","100mM",249.357665797516,"NMDAr",28,51,27,1.07598826126217
"241","17216.P1","PND14","EtOH[100mM]","Control",149.710511862346,"NMDAr",5,-20,-12,0.996527341142783
"242","17216.P1","PND14","EtOH[100mM]","Control",239.592041261358,"NMDAr",5,-19,-11,1.59481132531752
"243","17216.P1","PND14","EtOH[100mM]","Control",192.318861773082,"NMDAr",5,-18,-10,1.2801439363894
"244","17216.P1","PND14","EtOH[100mM]","Control",207.417796137767,"NMDAr",5,-17,-9,1.3806479072152
"245","17216.P1","PND14","EtOH[100mM]","Control",206.887371590788,"NMDAr",7,-12,-8,1.37711720949129
"246","17216.P1","PND14","EtOH[100mM]","Control",190.23349403359,"NMDAr",7,-11,-7,1.26626297410499
"247","17216.P1","PND14","EtOH[100mM]","Control",149.943026732255,"NMDAr",7,-10,-6,0.998075044254637
"248","17216.P1","PND14","EtOH[100mM]","Control",154.847637269388,"NMDAr",7,-9,-5,1.03072190677024
"249","17216.P1","PND14","EtOH[100mM]","Control",149.93576064257,"NMDAr",9,-4,-4,0.998026678532389
"250","17216.P1","PND14","EtOH[100mM]","Control",127.883178449684,"NMDAr",9,-3,-3,0.851236711517811
"251","17216.P1","PND14","EtOH[100mM]","Control",160.965684783856,"NMDAr",9,-2,-2,1.07144584490081
"252","17216.P1","PND14","EtOH[100mM]","Control",157.52882436302,"NMDAr",9,-1,-1,1.04856885827876
"253","17216.P1","PND14","EtOH[100mM]","100mM",145.445317217462,"NMDAr",11,4,0,0.968136662184776
"254","17216.P1","PND14","EtOH[100mM]","100mM",188.271649818737,"NMDAr",11,5,1,1.25320422909875
"255","17216.P1","PND14","EtOH[100mM]","100mM",131.290974511781,"NMDAr",11,6,2,0.873920235250873
"256","17216.P1","PND14","EtOH[100mM]","100mM",137.183773246025,"NMDAr",11,7,3,0.913144835991836
"257","17216.P1","PND14","EtOH[100mM]","100mM",156.395314372216,"NMDAr",13,12,4,1.04102380560849
"258","17216.P1","PND14","EtOH[100mM]","100mM",151.839476139946,"NMDAr",13,13,5,1.01069849776067
"259","17216.P1","PND14","EtOH[100mM]","100mM",144.37720203382,"NMDAr",13,14,6,0.961026901014714
"260","17216.P1","PND14","EtOH[100mM]","100mM",148.104706042041,"NMDAr",13,15,7,0.985838516526569
"261","17216.P1","PND14","EtOH[100mM]","100mM",155.552447968798,"NMDAr",15,20,8,1.03541338182803
"262","17216.P1","PND14","EtOH[100mM]","100mM",134.771431470724,"NMDAr",15,21,9,0.897087416206385
"263","17216.P1","PND14","EtOH[100mM]","100mM",134.088419040368,"NMDAr",15,22,10,0.892541038315326
"264","17216.P1","PND14","EtOH[100mM]","100mM",171.348926943208,"NMDAr",15,23,11,1.14056046198938
"265","17217.P3","PND14","EtOH[100mM]","Control",262.640077741039,"NMDAr",5,-30,-20,1.15865190437419
"266","17217.P3","PND14","EtOH[100mM]","Control",281.808022329123,"NMDAr",5,-29,-19,1.24321240135143
"267","17217.P3","PND14","EtOH[100mM]","Control",245.201462497901,"NMDAr",5,-28,-18,1.08172044389453
"268","17217.P3","PND14","EtOH[100mM]","Control",313.807881300283,"NMDAr",5,-27,-17,1.38438163133162
"269","17217.P3","PND14","EtOH[100mM]","Control",171.545111364693,"NMDAr",7,-22,-16,0.75678118769353
"270","17217.P3","PND14","EtOH[100mM]","Control",243.217820013994,"NMDAr",7,-21,-15,1.07296949026497
"271","17217.P3","PND14","EtOH[100mM]","Control",240.14426407739,"NMDAr",7,-20,-14,1.05941032035542
"272","17217.P3","PND14","EtOH[100mM]","Control",153.939376058808,"NMDAr",7,-19,-13,0.679112467384268
"273","17217.P3","PND14","EtOH[100mM]","Control",96.8206450478436,"NMDAr",9,-14,-12,0.427129879538155
"274","17217.P3","PND14","EtOH[100mM]","Control",189.107250132471,"NMDAr",9,-13,-11,0.834257579351597
"275","17217.P3","PND14","EtOH[100mM]","Control",220.598482825706,"NMDAr",9,-12,-10,0.973182975067797
"276","17217.P3","PND14","EtOH[100mM]","Control",255.991605679593,"NMDAr",9,-11,-9,1.12932178506632
"277","17217.P3","PND14","EtOH[100mM]","Control",244.00982378962,"NMDAr",10,-10,-8,1.07646346076175
"278","17217.P3","PND14","EtOH[100mM]","Control",256.696416379003,"NMDAr",10,-9,-7,1.13243109826071
"279","17217.P3","PND14","EtOH[100mM]","Control",195.879245718557,"NMDAr",10,-8,-6,0.86413262983787
"280","17217.P3","PND14","EtOH[100mM]","Control",225.154321057976,"NMDAr",10,-7,-5,0.993281319118111
"281","17217.P3","PND14","EtOH[100mM]","Control",231.381359917713,"NMDAr",12,-4,-4,1.02075226146439
"282","17217.P3","PND14","EtOH[100mM]","Control",250.738222837597,"NMDAr",12,-3,-3,1.10614618259682
"283","17217.P3","PND14","EtOH[100mM]","Control",206.066303456423,"NMDAr",12,-2,-2,0.909073424668072
"284","17217.P3","PND14","EtOH[100mM]","Control",220.046260009673,"NMDAr",12,-1,-1,0.970746812152607
"285","17217.P3","PND14","EtOH[100mM]","100mM",286.639971969409,"NMDAr",14,2,0,1.26452882685934
"286","17217.P3","PND14","EtOH[100mM]","100mM",254.407598128341,"NMDAr",14,3,1,1.12233384407275
"287","17217.P3","PND14","EtOH[100mM]","100mM",239.541178633565,"NMDAr",14,4,2,1.05674977401383
"288","17217.P3","PND14","EtOH[100mM]","100mM",204.242514945578,"NMDAr",14,5,3,0.901027676092906
"289","17217.P3","PND14","EtOH[100mM]","100mM",197.899218650887,"NMDAr",16,8,4,0.87304385734343
"290","17217.P3","PND14","EtOH[100mM]","100mM",213.099878271156,"NMDAr",16,9,5,0.940102447061539
"291","17217.P3","PND14","EtOH[100mM]","100mM",211.457742002427,"NMDAr",16,10,6,0.93285806786637
"292","17217.P3","PND14","EtOH[100mM]","100mM",172.300784691896,"NMDAr",16,11,7,0.760114884314317
"293","17217.P3","PND14","EtOH[100mM]","100mM",213.354191410118,"NMDAr",18,14,8,0.941224364193532
"294","17217.P3","PND14","EtOH[100mM]","100mM",181.412461156436,"NMDAr",18,15,9,0.800311572414943
"295","17217.P3","PND14","EtOH[100mM]","100mM",193.096333369339,"NMDAr",18,16,10,0.851855650936321
"296","17217.P3","PND14","EtOH[100mM]","100mM",216.042644593436,"NMDAr",18,17,11,0.953084631017484
"297","17217.P3","PND14","EtOH[100mM]","100mM",192.703964526368,"NMDAr",20,18,12,0.850124693075527
"298","17217.P3","PND14","EtOH[100mM]","100mM",184.456952734301,"NMDAr",20,19,13,0.813742523223687
"299","17217.P3","PND14","EtOH[100mM]","100mM",172.765814431713,"NMDAr",20,20,14,0.762166389927108
"300","17217.P3","PND14","EtOH[100mM]","100mM",208.987271509649,"NMDAr",20,21,15,0.921959444298417
"301","17217.P4","PND14","EtOH[100mM]","Control",96.7915806891048,"NMDAr",5,-40,-24,0.379814326935139
"302","17217.P4","PND14","EtOH[100mM]","Control",94.7570755774054,"NMDAr",5,-39,-23,0.371830841345331
"303","17217.P4","PND14","EtOH[100mM]","Control",115.610752972326,"NMDAr",5,-38,-22,0.45366156864087
"304","17217.P4","PND14","EtOH[100mM]","Control",79.0477896792111,"NMDAr",5,-37,-21,0.310186927612595
"305","17217.P4","PND14","EtOH[100mM]","Control",38.9317085303074,"NMDAr",7,-34,-20,0.152769699250693
"306","17217.P4","PND14","EtOH[100mM]","Control",33.511205625565,"NMDAr",7,-33,-19,0.13149941264356
"307","17217.P4","PND14","EtOH[100mM]","Control",62.0088093687277,"NMDAr",7,-32,-18,0.243325235797949
"308","17217.P4","PND14","EtOH[100mM]","Control",37.0061947638774,"NMDAr",7,-31,-17,0.14521390038891
"309","17217.P4","PND14","EtOH[100mM]","Control",-2.27428607129268,"NMDAr",9,-26,-16,-0.00892439639146449
"310","17217.P4","PND14","EtOH[100mM]","Control",0.0145321803843433,"NMDAr",9,-25,-15,5.70249010532037e-05
"311","17217.P4","PND14","EtOH[100mM]","Control",-13.3841371991091,"NMDAr",9,-24,-14,-0.0525199302015263
"312","17217.P4","PND14","EtOH[100mM]","Control",0.0130789623459087,"NMDAr",9,-23,-13,5.13224109478823e-05
"313","17217.P4","PND14","EtOH[100mM]","Control",264.136892216075,"NMDAr",11,-18,-12,1.03648452914542
"314","17217.P4","PND14","EtOH[100mM]","Control",262.414828960815,"NMDAr",11,-17,-11,1.02972707884262
"315","17217.P4","PND14","EtOH[100mM]","Control",274.839842321552,"NMDAr",11,-16,-10,1.07848336583752
"316","17217.P4","PND14","EtOH[100mM]","Control",305.103105858082,"NMDAr",11,-15,-9,1.19723771398592
"317","17217.P4","PND14","EtOH[100mM]","Control",258.759985849441,"NMDAr",13,-12,-8,1.0153853172295
"318","17217.P4","PND14","EtOH[100mM]","Control",312.616242592001,"NMDAr",13,-11,-7,1.22671958577115
"319","17217.P4","PND14","EtOH[100mM]","Control",279.5482684372,"NMDAr",13,-10,-6,1.09695943248823
"320","17217.P4","PND14","EtOH[100mM]","Control",269.688184735142,"NMDAr",13,-9,-5,1.05826803982619
"321","17217.P4","PND14","EtOH[100mM]","Control",252.540213079388,"NMDAr",15,-6,-4,0.990978661283515
"322","17217.P4","PND14","EtOH[100mM]","Control",250.135137393772,"NMDAr",15,-5,-3,0.981541040818421
"323","17217.P4","PND14","EtOH[100mM]","Control",247.94077830901,"NMDAr",15,-4,-2,0.97293028136084
"324","17217.P4","PND14","EtOH[100mM]","Control",253.891705760732,"NMDAr",15,-3,-1,0.996281976711034
"325","17217.P4","PND14","EtOH[100mM]","100mM",249.66284156427,"NMDAr",17,0,0,0.979687731663643
"326","17217.P4","PND14","EtOH[100mM]","100mM",297.233930729616,"NMDAr",17,1,1,1.16635873222249
"327","17217.P4","PND14","EtOH[100mM]","100mM",244.598377054076,"NMDAr",17,2,2,0.95981455503473
"328","17217.P4","PND14","EtOH[100mM]","100mM",279.308487477606,"NMDAr",17,3,3,1.09601852168657
"329","17217.P4","PND14","EtOH[100mM]","100mM",212.140754432783,"NMDAr",19,6,4,0.832449447428746
"330","17217.P4","PND14","EtOH[100mM]","100mM",197.550446346024,"NMDAr",19,7,5,0.775196450770406
"331","17217.P4","PND14","EtOH[100mM]","100mM",219.573964180171,"NMDAr",19,8,6,0.861617682280082
"332","17217.P4","PND14","EtOH[100mM]","100mM",212.431398020169,"NMDAr",19,9,7,0.833589945370148
"333","17217.P4","PND14","EtOH[100mM]","100mM",219.443174565848,"NMDAr",21,12,8,0.861104458206454
"334","17217.P4","PND14","EtOH[100mM]","100mM",223.831892735371,"NMDAr",21,13,9,0.878325977121611
"335","17217.P4","PND14","EtOH[100mM]","100mM",197.339729745169,"NMDAr",21,14,10,0.774369589762889
"336","17217.P4","PND14","EtOH[100mM]","100mM",201.292482533614,"NMDAr",21,15,11,0.789880361765946
"337","17223.P1","PND21","EtOH[100mM]","Control",315.907781219144,"NMDAr",5,-28,-20,1.25110788816372
"338","17223.P1","PND21","EtOH[100mM]","Control",303.6280896521,"NMDAr",5,-27,-19,1.20247591422356
"339","17223.P1","PND21","EtOH[100mM]","Control",252.961646281097,"NMDAr",5,-26,-18,1.00181866316746
"340","17223.P1","PND21","EtOH[100mM]","Control",296.173081635658,"NMDAr",5,-25,-17,1.17295141406816
"341","17223.P1","PND21","EtOH[100mM]","Control",324.256518266797,"NMDAr",7,-22,-16,1.28417187517985
"342","17223.P1","PND21","EtOH[100mM]","Control",324.132994742158,"NMDAr",7,-21,-15,1.28368267780886
"343","17223.P1","PND21","EtOH[100mM]","Control",324.598024481975,"NMDAr",7,-20,-14,1.28552436202908
"344","17223.P1","PND21","EtOH[100mM]","Control",338.941285519456,"NMDAr",7,-19,-13,1.34232880969646
"345","17223.P1","PND21","EtOH[100mM]","Control",238.894496651632,"NMDAr",9,-16,-12,0.946107715505829
"346","17223.P1","PND21","EtOH[100mM]","Control",237.034377692364,"NMDAr",9,-15,-11,0.938740978624951
"347","17223.P1","PND21","EtOH[100mM]","Control",239.315929853341,"NMDAr",9,-14,-10,0.947776741830402
"348","17223.P1","PND21","EtOH[100mM]","Control",221.695662368087,"NMDAr",9,-13,-9,0.877994175673655
"349","17223.P1","PND21","EtOH[100mM]","Control",278.21857402491,"NMDAr",11,-10,-8,1.10184513737813
"350","17223.P1","PND21","EtOH[100mM]","Control",266.236792134937,"NMDAr",11,-9,-7,1.05439299239154
"351","17223.P1","PND21","EtOH[100mM]","Control",297.335655985201,"NMDAr",11,-8,-6,1.17755562461871
"352","17223.P1","PND21","EtOH[100mM]","Control",260.322195131639,"NMDAr",11,-7,-5,1.03096907121563
"353","17223.P1","PND21","EtOH[100mM]","Control",226.215170151934,"NMDAr",13,-4,-4,0.895893044188912
"354","17223.P1","PND21","EtOH[100mM]","Control",255.977073500224,"NMDAr",13,-3,-3,1.01376083428295
"355","17223.P1","PND21","EtOH[100mM]","Control",263.853514718375,"NMDAr",13,-2,-2,1.04495436076292
"356","17223.P1","PND21","EtOH[100mM]","Control",256.14419356297,"NMDAr",13,-1,-1,1.01442268954959
"357","17223.P1","PND21","EtOH[100mM]","100mM",258.97796853998,"NMDAr",15,2,0,1.02564545276655
"358","17223.P1","PND21","EtOH[100mM]","100mM",253.724585697985,"NMDAr",15,3,1,1.00484017634126
"359","17223.P1","PND21","EtOH[100mM]","100mM",276.271261989426,"NMDAr",15,4,2,1.09413308470596
"360","17223.P1","PND21","EtOH[100mM]","100mM",243.988025520566,"NMDAr",15,5,3,0.966279912980421
"361","17223.P1","PND21","EtOH[100mM]","100mM",255.424850684191,"NMDAr",17,8,4,1.01157383427144
"362","17223.P1","PND21","EtOH[100mM]","100mM",223.839158825056,"NMDAr",17,9,5,0.886483188876228
"363","17223.P1","PND21","EtOH[100mM]","100mM",248.180559268603,"NMDAr",17,10,6,0.982883847278333
"364","17223.P1","PND21","EtOH[100mM]","100mM",242.251430085936,"NMDAr",17,11,7,0.959402373470536
"365","17223.P1","PND21","EtOH[100mM]","100mM",212.547655455123,"NMDAr",19,14,8,0.841764793904023
"366","17223.P1","PND21","EtOH[100mM]","100mM",260.002487185515,"NMDAr",19,15,9,1.02970291331423
"367","17223.P1","PND21","EtOH[100mM]","100mM",255.025215751535,"NMDAr",19,16,10,1.00999113689469
"368","17223.P1","PND21","EtOH[100mM]","100mM",242.483944955845,"NMDAr",19,17,11,0.960323215580648
"369","17412.P3","PND21","EtOH[100mM]","Control",266.026075534082,"NMDAr",4,-18,-12,0.925082750082118
"370","17412.P3","PND21","EtOH[100mM]","Control",240.086135359913,"NMDAr",4,-17,-11,0.834878843772898
"371","17412.P3","PND21","EtOH[100mM]","Control",278.029655693109,"NMDAr",4,-16,-10,0.966824165550698
"372","17412.P3","PND21","EtOH[100mM]","Control",224.529437345096,"NMDAr",4,-15,-9,0.780781767188012
"373","17412.P3","PND21","EtOH[100mM]","Control",316.351012689907,"NMDAr",6,-12,-8,1.10008338176214
"374","17412.P3","PND21","EtOH[100mM]","Control",236.889055898671,"NMDAr",6,-11,-7,0.823761275488289
"375","17412.P3","PND21","EtOH[100mM]","Control",263.468411965089,"NMDAr",6,-10,-6,0.916188695454433
"376","17412.P3","PND21","EtOH[100mM]","Control",298.185788478304,"NMDAr",6,-9,-5,1.03691538014503
"377","17412.P3","PND21","EtOH[100mM]","Control",301.70257588567,"NMDAr",8,-6,-4,1.0491447052581
"378","17412.P3","PND21","EtOH[100mM]","Control",257.36489662999,"NMDAr",8,-5,-3,0.894964246911086
"379","17412.P3","PND21","EtOH[100mM]","Control",315.653468080181,"NMDAr",8,-4,-2,1.09765773050004
"380","17412.P3","PND21","EtOH[100mM]","Control",264.94342817107,"NMDAr",8,-3,-1,0.921317937185738
"381","17412.P3","PND21","EtOH[100mM]","100mM",316.750647622562,"NMDAr",10,0,0,1.10147307779771
"382","17412.P3","PND21","EtOH[100mM]","100mM",327.577121252677,"NMDAr",10,1,1,1.1391212067615
"383","17412.P3","PND21","EtOH[100mM]","100mM",299.639006415232,"NMDAr",10,2,2,1.0419688202744
"384","17412.P3","PND21","EtOH[100mM]","100mM",318.792418823946,"NMDAr",10,3,3,1.10857316117947
"385","17412.P3","PND21","EtOH[100mM]","100mM",292.467375896491,"NMDAr",12,6,4,1.01703009323597
"386","17412.P3","PND21","EtOH[100mM]","100mM",274.047838545926,"NMDAr",12,7,5,0.952977739596231
"387","17412.P3","PND21","EtOH[100mM]","100mM",255.497511581037,"NMDAr",12,8,6,0.888470576344847
"388","17412.P3","PND21","EtOH[100mM]","100mM",251.254115205207,"NMDAr",12,9,7,0.873714531167094
"389","17412.P3","PND21","EtOH[100mM]","100mM",253.448474289968,"NMDAr",14,12,8,0.881345225762437
"390","17412.P3","PND21","EtOH[100mM]","100mM",250.483909698635,"NMDAr",14,13,9,0.871036207898528
"391","17412.P3","PND21","EtOH[100mM]","100mM",232.1442993346,"NMDAr",14,14,10,0.807261793465901
"392","17412.P3","PND21","EtOH[100mM]","100mM",230.451300438079,"NMDAr",14,15,11,0.801374535715188
"393","17412.P3","PND21","EtOH[100mM]","100mM",254.153284989379,"NMDAr",16,18,12,0.883796144225183
"394","17412.P3","PND21","EtOH[100mM]","100mM",225.321441120722,"NMDAr",16,19,13,0.783535892058518
"395","17412.P3","PND21","EtOH[100mM]","100mM",268.438417309383,"NMDAr",16,20,14,0.93347146069687
"396","17412.P3","PND21","EtOH[100mM]","100mM",245.935337556049,"NMDAr",16,21,15,0.855218940293604
"397","17419.P3","PND28","EtOH[100mM]","Control",240.878139135539,"NMDAr",5,-20,-16,0.803080441281206
"398","17419.P3","PND28","EtOH[100mM]","Control",207.744770173575,"NMDAr",5,-19,-15,0.692614789800336
"399","17419.P3","PND28","EtOH[100mM]","Control",210.142579769507,"NMDAr",5,-18,-14,0.700609014578558
"400","17419.P3","PND28","EtOH[100mM]","Control",224.987200995229,"NMDAr",5,-17,-13,0.750100533432816
"401","17419.P3","PND28","EtOH[100mM]","Control",277.884333899417,"NMDAr",6,-16,-12,0.926457977025083
"402","17419.P3","PND28","EtOH[100mM]","Control",242.999837323454,"NMDAr",6,-15,-11,0.810154118963752
"403","17419.P3","PND28","EtOH[100mM]","Control",251.341308281422,"NMDAr",6,-14,-10,0.837964331222532
"404","17419.P3","PND28","EtOH[100mM]","Control",227.762847254762,"NMDAr",6,-13,-9,0.759354454236696
"405","17419.P3","PND28","EtOH[100mM]","Control",294.378357483552,"NMDAr",8,-10,-8,0.981448553529812
"406","17419.P3","PND28","EtOH[100mM]","Control",288.870661502594,"NMDAr",8,-9,-7,0.963086061463475
"407","17419.P3","PND28","EtOH[100mM]","Control",284.598200768025,"NMDAr",8,-8,-6,0.948841806404099
"408","17419.P3","PND28","EtOH[100mM]","Control",281.045082912236,"NMDAr",8,-7,-5,0.936995818778192
"409","17419.P3","PND28","EtOH[100mM]","Control",321.691588608118,"NMDAr",10,-4,-4,1.07251004123082
"410","17419.P3","PND28","EtOH[100mM]","Control",313.887808286814,"NMDAr",10,-3,-3,1.04649247331625
"411","17419.P3","PND28","EtOH[100mM]","Control",282.461970400741,"NMDAr",10,-2,-2,0.941719678874414
"412","17419.P3","PND28","EtOH[100mM]","Control",300.627194612344,"NMDAr",10,-1,-1,1.00228198780033
"413","17419.P3","PND28","EtOH[100mM]","100mM",250.374918353365,"NMDAr",12,2,0,0.834742416387675
"414","17419.P3","PND28","EtOH[100mM]","100mM",232.536668177571,"NMDAr",12,3,1,0.775270229022426
"415","17419.P3","PND28","EtOH[100mM]","100mM",236.663807118447,"NMDAr",12,4,2,0.789029985610394
"416","17419.P3","PND28","EtOH[100mM]","100mM",234.99260649098,"NMDAr",12,5,3,0.783458253189211
"417","17419.P3","PND28","EtOH[100mM]","100mM",236.736468015294,"NMDAr",14,8,4,0.789272234846099
"418","17419.P3","PND28","EtOH[100mM]","100mM",205.158042245843,"NMDAr",14,9,5,0.683990717009286
"419","17419.P3","PND28","EtOH[100mM]","100mM",217.859167014596,"NMDAr",14,10,6,0.726335883410287
"420","17419.P3","PND28","EtOH[100mM]","100mM",225.931792654232,"NMDAr",14,11,7,0.753249773496963
"421","17419.P3","PND28","EtOH[100mM]","100mM",234.433117585263,"NMDAr",16,14,8,0.781592934074294
"422","17419.P3","PND28","EtOH[100mM]","100mM",205.32516230859,"NMDAr",16,15,9,0.684547890251405
"423","17419.P3","PND28","EtOH[100mM]","100mM",226.273298869411,"NMDAr",16,16,10,0.754388344904773
"424","17419.P3","PND28","EtOH[100mM]","100mM",216.15890202839,"NMDAr",16,17,11,0.720667251294821
"425","17420.P3","PND28","EtOH[100mM]","Control",99.1167293881902,"NMDAr",5,-28,-28,0.381660380737077
"426","17420.P3","PND28","EtOH[100mM]","Control",78.7789443608795,"NMDAr",5,-27,-27,0.303347397401318
"427","17420.P3","PND28","EtOH[100mM]","Control",95.0113887163679,"NMDAr",5,-26,-26,0.365852293711459
"428","17420.P3","PND28","EtOH[100mM]","Control",86.8007073727233,"NMDAr",5,-25,-25,0.334236119660224
"429","17420.P3","PND28","EtOH[100mM]","Control",185.437874841727,"NMDAr",6,-24,-24,0.714049892001387
"430","17420.P3","PND28","EtOH[100mM]","Control",192.580441001729,"NMDAr",6,-23,-23,0.741553165534451
"431","17420.P3","PND28","EtOH[100mM]","Control",155.937550722084,"NMDAr",6,-22,-22,0.600455496737658
"432","17420.P3","PND28","EtOH[100mM]","Control",190.051841791474,"NMDAr",6,-21,-21,0.731816503083275
"433","17420.P3","PND28","EtOH[100mM]","Control",180.845706161034,"NMDAr",7,-20,-20,0.696367217664768
"434","17420.P3","PND28","EtOH[100mM]","Control",184.951046832856,"NMDAr",7,-19,-19,0.712175304690384
"435","17420.P3","PND28","EtOH[100mM]","Control",216.340554270506,"NMDAr",7,-18,-18,0.833044217877407
"436","17420.P3","PND28","EtOH[100mM]","Control",214.618491015246,"NMDAr",7,-17,-17,0.826413215001174
"437","17420.P3","PND28","EtOH[100mM]","Control",210.404158998154,"NMDAr",8,-16,-16,0.810185444249212
"438","17420.P3","PND28","EtOH[100mM]","Control",231.606608697937,"NMDAr",8,-15,-15,0.891827918480632
"439","17420.P3","PND28","EtOH[100mM]","Control",222.000838134841,"NMDAr",8,-14,-14,0.854839792732194
"440","17420.P3","PND28","EtOH[100mM]","Control",247.039783188115,"NMDAr",8,-13,-13,0.951255134130918
"441","17420.P3","PND28","EtOH[100mM]","Control",256.420304970987,"NMDAr",9,-12,-12,0.987375913511578
"442","17420.P3","PND28","EtOH[100mM]","Control",248.732782084636,"NMDAr",9,-11,-11,0.957774221346791
"443","17420.P3","PND28","EtOH[100mM]","Control",277.935196527209,"NMDAr",9,-10,-10,1.07022148109185
"444","17420.P3","PND28","EtOH[100mM]","Control",284.445612884648,"NMDAr",9,-9,-9,1.09529058901212
"445","17420.P3","PND28","EtOH[100mM]","Control",259.748174046552,"NMDAr",10,-8,-8,1.00019025662261
"446","17420.P3","PND28","EtOH[100mM]","Control",275.88615923614,"NMDAr",10,-7,-7,1.06233142703658
"447","17420.P3","PND28","EtOH[100mM]","Control",271.795350743687,"NMDAr",10,-6,-6,1.04657929784114
"448","17420.P3","PND28","EtOH[100mM]","Control",290.708982192808,"NMDAr",10,-5,-5,1.11940841381934
"449","17420.P3","PND28","EtOH[100mM]","Control",261.230456342219,"NMDAr",11,-4,-4,1.00589795530088
"450","17420.P3","PND28","EtOH[100mM]","Control",265.757230215751,"NMDAr",11,-3,-3,1.0233288194017
"451","17420.P3","PND28","EtOH[100mM]","Control",233.706508616799,"NMDAr",11,-2,-2,0.899913824941526
"452","17420.P3","PND28","EtOH[100mM]","Control",247.090645815908,"NMDAr",11,-1,-1,0.951450986536548
"453","17420.P3","PND28","EtOH[100mM]","100mM",253.82631095357,"NMDAr",12,0,0,0.977387440824595
"454","17420.P3","PND28","EtOH[100mM]","100mM",246.458496013344,"NMDAr",12,1,1,0.949016820923752
"455","17420.P3","PND28","EtOH[100mM]","100mM",225.401368107254,"NMDAr",12,2,2,0.867933924994125
"456","17420.P3","PND28","EtOH[100mM]","100mM",221.063512565523,"NMDAr",12,3,3,0.85123051268564
"457","17420.P3","PND28","EtOH[100mM]","100mM",248.057035743965,"NMDAr",13,4,4,0.955172182243462
"458","17420.P3","PND28","EtOH[100mM]","100mM",234.331392329678,"NMDAr",13,5,5,0.90232001163923
"459","17420.P3","PND28","EtOH[100mM]","100mM",245.833612300464,"NMDAr",13,6,6,0.946610634226045
"460","17420.P3","PND28","EtOH[100mM]","100mM",254.43666248708,"NMDAr",13,7,7,0.979737669692121
"461","17420.P3","PND28","EtOH[100mM]","100mM",240.36224676793,"NMDAr",14,8,8,0.925542511163588
"462","17420.P3","PND28","EtOH[100mM]","100mM",230.596622231772,"NMDAr",14,9,9,0.88793884928318
"463","17420.P3","PND28","EtOH[100mM]","100mM",227.966297765932,"NMDAr",14,10,10,0.877810482020749
"464","17420.P3","PND28","EtOH[100mM]","100mM",224.870943560275,"NMDAr",14,11,11,0.865891464192585
"465","17420.P3","PND28","EtOH[100mM]","100mM",243.784575009396,"NMDAr",15,12,12,0.938720580170784
"466","17420.P3","PND28","EtOH[100mM]","100mM",249.154215286346,"NMDAr",15,13,13,0.95939699842199
"467","17420.P3","PND28","EtOH[100mM]","100mM",241.982584767605,"NMDAr",15,14,14,0.931781809228566
"468","17420.P3","PND28","EtOH[100mM]","100mM",237.361351728173,"NMDAr",15,15,15,0.913987219231587
"469","17518.P2","PND28","EtOH[100mM]","Control",150.989343646843,"NMDAr",5,-40,-40,0.574963891824886
"470","17518.P2","PND28","EtOH[100mM]","Control",134.785963650094,"NMDAr",5,-39,-39,0.513261799487569
"471","17518.P2","PND28","EtOH[100mM]","Control",130.789614323541,"NMDAr",5,-38,-38,0.498043794651009
"472","17518.P2","PND28","EtOH[100mM]","Control",155.559714058483,"NMDAr",5,-37,-37,0.592367755537971
"473","17518.P2","PND28","EtOH[100mM]","Control",136.333640752922,"NMDAr",6,-36,-36,0.519155317724271
"474","17518.P2","PND28","EtOH[100mM]","Control",99.9377975225547,"NMDAr",6,-35,-35,0.380560797312777
"475","17518.P2","PND28","EtOH[100mM]","Control",145.699630356425,"NMDAr",6,-34,-34,0.554820787241226
"476","17518.P2","PND28","EtOH[100mM]","Control",147.072921306822,"NMDAr",6,-33,-33,0.560050247085061
"477","17518.P2","PND28","EtOH[100mM]","Control",144.864030042691,"NMDAr",7,-32,-32,0.551638840775399
"478","17518.P2","PND28","EtOH[100mM]","Control",145.08201273323,"NMDAr",7,-31,-31,0.552468913766483
"479","17518.P2","PND28","EtOH[100mM]","Control",178.091858170555,"NMDAr",7,-30,-30,0.678169633716458
"480","17518.P2","PND28","EtOH[100mM]","Control",191.526857997456,"NMDAr",7,-29,-29,0.729329799066996
"481","17518.P2","PND28","EtOH[100mM]","Control",202.985481430136,"NMDAr",8,-28,-28,0.772963969298368
"482","17518.P2","PND28","EtOH[100mM]","Control",230.320510823756,"NMDAr",8,-27,-27,0.877055122380429
"483","17518.P2","PND28","EtOH[100mM]","Control",216.333288180822,"NMDAr",8,-26,-26,0.823792105452474
"484","17518.P2","PND28","EtOH[100mM]","Control",226.171573613826,"NMDAr",8,-25,-25,0.861256066450111
"485","17518.P2","PND28","EtOH[100mM]","Control",259.58832007349,"NMDAr",9,-24,-24,0.988506255983441
"486","17518.P2","PND28","EtOH[100mM]","Control",228.642044106603,"NMDAr",9,-23,-23,0.870663560349071
"487","17518.P2","PND28","EtOH[100mM]","Control",276.169536733841,"NMDAr",9,-22,-22,1.05164714150531
"488","17518.P2","PND28","EtOH[100mM]","Control",245.935337556049,"NMDAr",9,-21,-21,0.936516017641815
"489","17518.P2","PND28","EtOH[100mM]","Control",229.136138205159,"NMDAr",10,-20,-20,0.872545059128865
"490","17518.P2","PND28","EtOH[100mM]","Control",263.359420619819,"NMDAr",10,-19,-19,1.00286651872921
"491","17518.P2","PND28","EtOH[100mM]","Control",244.249604749213,"NMDAr",10,-18,-18,0.930096786510761
"492","17518.P2","PND28","EtOH[100mM]","Control",244.649239681868,"NMDAr",10,-17,-17,0.931618586994416
"493","17518.P2","PND28","EtOH[100mM]","Control",257.720935024537,"NMDAr",11,-16,-16,0.981395297359812
"494","17518.P2","PND28","EtOH[100mM]","Control",259.08695988525,"NMDAr",11,-15,-15,0.986597088103946
"495","17518.P2","PND28","EtOH[100mM]","Control",233.292341504774,"NMDAr",11,-14,-14,0.888371784158887
"496","17518.P2","PND28","EtOH[100mM]","Control",255.562906388199,"NMDAr",11,-13,-13,0.973177574748072
"497","17518.P2","PND28","EtOH[100mM]","Control",233.989886114499,"NMDAr",12,-12,-12,0.891028017730357
"498","17518.P2","PND28","EtOH[100mM]","Control",237.397682176596,"NMDAr",12,-11,-11,0.904004825490987
"499","17518.P2","PND28","EtOH[100mM]","Control",262.313103705231,"NMDAr",12,-10,-10,0.998882168372006
"500","17518.P2","PND28","EtOH[100mM]","Control",282.294850337994,"NMDAr",12,-9,-9,1.0749721925548
"501","17518.P2","PND28","EtOH[100mM]","Control",243.29048091084,"NMDAr",13,-8,-8,0.926444465349985
"502","17518.P2","PND28","EtOH[100mM]","Control",227.668388088862,"NMDAr",13,-7,-7,0.866955900988894
"503","17518.P2","PND28","EtOH[100mM]","Control",248.006173116172,"NMDAr",13,-6,-6,0.944401711057124
"504","17518.P2","PND28","EtOH[100mM]","Control",265.553779704581,"NMDAr",13,-5,-5,1.01122258683947
"505","17518.P2","PND28","EtOH[100mM]","Control",268.612803461815,"NMDAr",14,-4,-4,1.02287127781436
"506","17518.P2","PND28","EtOH[100mM]","Control",253.077903716052,"NMDAr",14,-3,-3,0.963714742649704
"507","17518.P2","PND28","EtOH[100mM]","Control",265.248603937826,"NMDAr",14,-2,-2,1.01006048465195
"508","17518.P2","PND28","EtOH[100mM]","Control",260.540177822178,"NMDAr",14,-1,-1,0.992130908044512
"509","17518.P2","PND28","EtOH[100mM]","100mM",242.207833547828,"NMDAr",15,0,0,0.922321769494261
"510","17518.P2","PND28","EtOH[100mM]","100mM",245.027076345469,"NMDAr",15,1,1,0.933057380178962
"511","17518.P2","PND28","EtOH[100mM]","100mM",226.309629317834,"NMDAr",15,2,2,0.861781779344464
"512","17518.P2","PND28","EtOH[100mM]","100mM",200.638534461996,"NMDAr",15,3,3,0.764026850094349
"513","17518.P2","PND28","EtOH[100mM]","100mM",208.166203375285,"NMDAr",16,4,4,0.792692037386488
"514","17518.P2","PND28","EtOH[100mM]","100mM",211.406879374635,"NMDAr",16,5,5,0.805032455853952
"515","17518.P2","PND28","EtOH[100mM]","100mM",222.858236717629,"NMDAr",16,6,6,0.848638956985616
"516","17518.P2","PND28","EtOH[100mM]","100mM",225.423166376307,"NMDAr",16,7,7,0.858406149180715
"517","17518.P2","PND28","EtOH[100mM]","100mM",216.398682987983,"NMDAr",17,8,8,0.824041127349797
"518","17518.P2","PND28","EtOH[100mM]","100mM",234.447649764632,"NMDAr",17,9,9,0.892771171011637
"519","17518.P2","PND28","EtOH[100mM]","100mM",199.773869789524,"NMDAr",17,10,10,0.760734227229713
"520","17518.P2","PND28","EtOH[100mM]","100mM",234.854550786972,"NMDAr",17,11,11,0.894320640594997
"521","17518.P2","PND28","EtOH[100mM]","100mM",254.400332038656,"NMDAr",18,12,12,0.968750518795617
"522","17518.P2","PND28","EtOH[100mM]","100mM",269.971562232842,"NMDAr",18,13,13,1.02804539945879
"523","17518.P2","PND28","EtOH[100mM]","100mM",210.963647903872,"NMDAr",18,14,14,0.803344640772079
"524","17518.P2","PND28","EtOH[100mM]","100mM",221.790121533987,"NMDAr",18,15,15,0.844571599329301
"525","17518.P2","PND28","EtOH[100mM]","100mM",209.815605733698,"NMDAr",19,16,16,0.798972923019029
"526","17518.P2","PND28","EtOH[100mM]","100mM",246.669212614198,"NMDAr",19,17,17,0.939310596711802
"527","17518.P2","PND28","EtOH[100mM]","100mM",240.914469583962,"NMDAr",19,18,18,0.917396669747157
"528","17518.P2","PND28","EtOH[100mM]","100mM",255.926210872431,"NMDAr",19,19,19,0.974561029733213
"529","17518.P2","PND28","EtOH[100mM]","100mM",247.715529528787,"NMDAr",20,20,20,0.943294947069013
"530","17518.P2","PND28","EtOH[100mM]","100mM",230.909064088212,"NMDAr",20,21,21,0.879296319456358
"531","17518.P2","PND28","EtOH[100mM]","100mM",279.991499907963,"NMDAr",20,22,22,1.066201087949
"532","17518.P2","PND28","EtOH[100mM]","100mM",248.936232595806,"NMDAr",20,23,23,0.947943355819086
"533","17518.P2","PND28","EtOH[100mM]","100mM",212.068093535937,"NMDAr",21,24,24,0.807550343926908
"534","17518.P2","PND28","EtOH[100mM]","100mM",270.254939730543,"NMDAr",21,25,25,1.0291244943472
"535","17518.P2","PND28","EtOH[100mM]","100mM",229.245129550429,"NMDAr",21,26,26,0.872960095624409
"536","17518.P2","PND28","EtOH[100mM]","100mM",260.452984745963,"NMDAr",21,27,27,0.991798878848081
"537","17713.P1","PND21","EtOH[100mM]","Control",225.117990609553,"NMDAr",5,-36,-36,0.987927526896808
"538","17713.P1","PND21","EtOH[100mM]","Control",209.06719849618,"NMDAr",5,-35,-35,0.91748882355567
"539","17713.P1","PND21","EtOH[100mM]","Control",261.724550440775,"NMDAr",5,-34,-34,1.14857496348922
"540","17713.P1","PND21","EtOH[100mM]","Control",218.702033418014,"NMDAr",5,-33,-33,0.95977117784736
"541","17713.P1","PND21","EtOH[100mM]","Control",259.60285225286,"NMDAr",6,-32,-32,1.13926391714444
"542","17713.P1","PND21","EtOH[100mM]","Control",241.06705746734,"NMDAr",6,-31,-31,1.05791981020771
"543","17713.P1","PND21","EtOH[100mM]","Control",244.707368399345,"NMDAr",6,-30,-30,1.07389526986091
"544","17713.P1","PND21","EtOH[100mM]","Control",286.879752929002,"NMDAr",6,-29,-29,1.25896825953585
"545","17713.P1","PND21","EtOH[100mM]","Control",269.92069960505,"NMDAr",7,-28,-28,1.18454366306767
"546","17713.P1","PND21","EtOH[100mM]","Control",294.698065429676,"NMDAr",7,-27,-27,1.29327882757345
"547","17713.P1","PND21","EtOH[100mM]","Control",302.647167544674,"NMDAr",7,-26,-26,1.32816336422135
"548","17713.P1","PND21","EtOH[100mM]","Control",286.051418704953,"NMDAr",7,-25,-25,1.25533312500398
"549","17713.P1","PND21","EtOH[100mM]","Control",273.132311245661,"NMDAr",8,-24,-24,1.1986377811649
"550","17713.P1","PND21","EtOH[100mM]","Control",298.411037258528,"NMDAr",8,-23,-23,1.30957315867681
"551","17713.P1","PND21","EtOH[100mM]","Control",307.123078790413,"NMDAr",8,-22,-22,1.34780584555143
"552","17713.P1","PND21","EtOH[100mM]","Control",311.395539524981,"NMDAr",8,-21,-21,1.36655548682104
"553","17713.P1","PND21","EtOH[100mM]","Control",326.458143441243,"NMDAr",9,-20,-20,1.43265753843995
"554","17713.P1","PND21","EtOH[100mM]","Control",336.616136820371,"NMDAr",9,-19,-19,1.47723576717282
"555","17713.P1","PND21","EtOH[100mM]","Control",320.296499388667,"NMDAr",9,-18,-18,1.40561723946608
"556","17713.P1","PND21","EtOH[100mM]","Control",310.567205300933,"NMDAr",9,-17,-17,1.36292035228918
"557","17713.P1","PND21","EtOH[100mM]","Control",344.877680791808,"NMDAr",10,-16,-16,1.51349145105642
"558","17713.P1","PND21","EtOH[100mM]","Control",208.427782603932,"NMDAr",10,-15,-15,0.914682754794233
"559","17713.P1","PND21","EtOH[100mM]","Control",240.529366830676,"NMDAr",10,-14,-14,1.0555601614765
"560","17713.P1","PND21","EtOH[100mM]","Control",256.354910163825,"NMDAr",10,-13,-13,1.12501036332213
"561","17713.P1","PND21","EtOH[100mM]","Control",244.118815134889,"NMDAr",11,-12,-12,1.07131241111458
"562","17713.P1","PND21","EtOH[100mM]","Control",235.523031037959,"NMDAr",11,-11,-11,1.03358991856023
"563","17713.P1","PND21","EtOH[100mM]","Control",219.675689435756,"NMDAr",11,-10,-10,0.964044055279553
"564","17713.P1","PND21","EtOH[100mM]","Control",211.312420208734,"NMDAr",11,-9,-9,0.927341951365725
"565","17713.P1","PND21","EtOH[100mM]","Control",210.854656558602,"NMDAr",12,-8,-8,0.925333061229696
"566","17713.P1","PND21","EtOH[100mM]","Control",208.260662541185,"NMDAr",12,-7,-7,0.913949350458855
"567","17713.P1","PND21","EtOH[100mM]","Control",231.127046778751,"NMDAr",12,-6,-6,1.01429819582534
"568","17713.P1","PND21","EtOH[100mM]","Control",213.913680315836,"NMDAr",12,-5,-5,0.938757549281583
"569","17713.P1","PND21","EtOH[100mM]","Control",243.210553924309,"NMDAr",13,-4,-4,1.06732651798754
"570","17713.P1","PND21","EtOH[100mM]","Control",226.011719640764,"NMDAr",13,-3,-3,0.991849645733821
"571","17713.P1","PND21","EtOH[100mM]","Control",229.506708779076,"NMDAr",13,-2,-2,1.00718736248669
"572","17713.P1","PND21","EtOH[100mM]","Control",226.701998160804,"NMDAr",13,-1,-1,0.994878924510371
"573","17713.P1","PND21","EtOH[100mM]","100mM",219.225191875309,"NMDAr",14,0,0,0.962067052288542
"574","17713.P1","PND21","EtOH[100mM]","100mM",232.028041899646,"NMDAr",14,1,1,1.01825220180736
"575","17713.P1","PND21","EtOH[100mM]","100mM",214.8292076161,"NMDAr",14,2,2,0.94277532955364
"576","17713.P1","PND21","EtOH[100mM]","100mM",200.413285681772,"NMDAr",14,3,3,0.879511233841186
"577","17713.P1","PND21","EtOH[100mM]","100mM",199.759337610155,"NMDAr",15,4,4,0.876641390789717
"578","17713.P1","PND21","EtOH[100mM]","100mM",197.3251975658,"NMDAr",15,5,5,0.865959197209236
"579","17713.P1","PND21","EtOH[100mM]","100mM",214.320581338176,"NMDAr",15,6,6,0.940543229402499
"580","17713.P1","PND21","EtOH[100mM]","100mM",188.845670903824,"NMDAr",15,7,7,0.828746898975147
"581","17713.P1","PND21","EtOH[100mM]","100mM",169.183632217185,"NMDAr",16,8,8,0.742460284560882
"582","17713.P1","PND21","EtOH[100mM]","100mM",157.485227824913,"NMDAr",16,9,9,0.691121981084547
"583","17713.P1","PND21","EtOH[100mM]","100mM",165.586917823287,"NMDAr",16,10,10,0.726676147777782
"584","17713.P1","PND21","EtOH[100mM]","100mM",166.982007042739,"NMDAr",16,11,11,0.732798479620927
"585","17713.P1","PND21","EtOH[100mM]","100mM",171.036485086768,"NMDAr",17,12,12,0.750591506540052
"586","17713.P1","PND21","EtOH[100mM]","100mM",174.211766278957,"NMDAr",17,13,13,0.764526188912203
"587","17713.P1","PND21","EtOH[100mM]","100mM",181.913821344676,"NMDAr",17,14,14,0.79832656262954
"588","17713.P1","PND21","EtOH[100mM]","100mM",181.695838654137,"NMDAr",17,15,15,0.797369948279051
"589","17713.P2","PND21","EtOH[100mM]","Control",195.334288992208,"NMDAr",5,-40,-40,1.5060166718953
"590","17713.P2","PND21","EtOH[100mM]","Control",133.587058852128,"NMDAr",5,-39,-39,1.02994890870793
"591","17713.P2","PND21","EtOH[100mM]","Control",149.550657889284,"NMDAr",5,-38,-38,1.15302738313987
"592","17713.P2","PND21","EtOH[100mM]","Control",151.810411781208,"NMDAr",5,-37,-37,1.17044996190562
"593","17713.P2","PND21","EtOH[100mM]","Control",123.777837777862,"NMDAr",6,-36,-36,0.954320351364672
"594","17713.P2","PND21","EtOH[100mM]","Control",156.090138605461,"NMDAr",6,-35,-35,1.2034464213687
"595","17713.P2","PND21","EtOH[100mM]","Control",139.283673164886,"NMDAr",6,-34,-34,1.0738694931206
"596","17713.P2","PND21","EtOH[100mM]","Control",125.558029750599,"NMDAr",6,-33,-33,0.968045533993632
"597","17713.P2","PND21","EtOH[100mM]","Control",121.401826450985,"NMDAr",7,-32,-32,0.936001434141534
"598","17713.P2","PND21","EtOH[100mM]","Control",145.459849396831,"NMDAr",7,-31,-31,1.12148747367005
"599","17713.P2","PND21","EtOH[100mM]","Control",134.604311407977,"NMDAr",7,-30,-30,1.03779187021019
"600","17713.P2","PND21","EtOH[100mM]","Control",110.495425834338,"NMDAr",7,-29,-29,0.85191368260655
"601","17713.P2","PND21","EtOH[100mM]","Control",157.812201860721,"NMDAr",8,-28,-28,1.21672343476896
"602","17713.P2","PND21","EtOH[100mM]","Control",151.628759539092,"NMDAr",8,-27,-27,1.16904943306593
"603","17713.P2","PND21","EtOH[100mM]","Control",130.760549964802,"NMDAr",8,-26,-26,1.00815667996235
"604","17713.P2","PND21","EtOH[100mM]","Control",128.006701974323,"NMDAr",8,-25,-25,0.986924662752651
"605","17713.P2","PND21","EtOH[100mM]","Control",131.530755471374,"NMDAr",9,-24,-24,1.01409492224263
"606","17713.P2","PND21","EtOH[100mM]","Control",138.353613685252,"NMDAr",9,-23,-23,1.06669878546139
"607","17713.P2","PND21","EtOH[100mM]","Control",140.940341612985,"NMDAr",9,-22,-22,1.08664231613858
"608","17713.P2","PND21","EtOH[100mM]","Control",117.369146676009,"NMDAr",9,-21,-21,0.904909693900418
"609","17713.P2","PND21","EtOH[100mM]","Control",137.067515811071,"NMDAr",10,-20,-20,1.05678304127639
"610","17713.P2","PND21","EtOH[100mM]","Control",133.456269237804,"NMDAr",10,-19,-19,1.02894052794335
"611","17713.P2","PND21","EtOH[100mM]","Control",146.317247979619,"NMDAr",10,-18,-18,1.12809796979339
"612","17713.P2","PND21","EtOH[100mM]","Control",157.318107762166,"NMDAr",10,-17,-17,1.21291399632501
"613","17713.P2","PND21","EtOH[100mM]","Control",122.39728073778,"NMDAr",11,-16,-16,0.943676332183028
"614","17713.P2","PND21","EtOH[100mM]","Control",90.332026959459,"NMDAr",11,-15,-15,0.696454981400977
"615","17713.P2","PND21","EtOH[100mM]","Control",128.319143830763,"NMDAr",11,-14,-14,0.989333572356921
"616","17713.P2","PND21","EtOH[100mM]","Control",114.637096954584,"NMDAr",11,-13,-13,0.883845740151483
"617","17713.P2","PND21","EtOH[100mM]","Control",131.32003887052,"NMDAr",12,-12,-12,1.0124703087886
"618","17713.P2","PND21","EtOH[100mM]","Control",151.345382041391,"NMDAr",12,-11,-11,1.16686460807601
"619","17713.P2","PND21","EtOH[100mM]","Control",157.245446865319,"NMDAr",12,-10,-10,1.21235378478913
"620","17713.P2","PND21","EtOH[100mM]","Control",149.630584875815,"NMDAr",12,-9,-9,1.15364361582933
"621","17713.P2","PND21","EtOH[100mM]","Control",136.399035560084,"NMDAr",13,-8,-8,1.05162909514633
"622","17713.P2","PND21","EtOH[100mM]","Control",118.626180191452,"NMDAr",13,-7,-7,0.914601353471072
"623","17713.P2","PND21","EtOH[100mM]","Control",124.940412127405,"NMDAr",13,-6,-6,0.963283735938691
"624","17713.P2","PND21","EtOH[100mM]","Control",125.870471607039,"NMDAr",13,-5,-5,0.970454443597902
"625","17713.P2","PND21","EtOH[100mM]","Control",121.09665068423,"NMDAr",14,-4,-4,0.933648545690855
"626","17713.P2","PND21","EtOH[100mM]","Control",133.034836036095,"NMDAr",14,-3,-3,1.02569130103527
"627","17713.P2","PND21","EtOH[100mM]","Control",130.484438556786,"NMDAr",14,-2,-2,1.00602787612602
"628","17713.P2","PND21","EtOH[100mM]","Control",138.026639649444,"NMDAr",14,-1,-1,1.06417783354995
"629","17713.P2","PND21","EtOH[100mM]","100mM",122.404546827465,"NMDAr",15,0,0,0.943732353336618
"630","17713.P2","PND21","EtOH[100mM]","100mM",123.189284513406,"NMDAr",15,1,1,0.949782637924077
"631","17713.P2","PND21","EtOH[100mM]","100mM",143.730520051887,"NMDAr",15,2,2,1.10815443911621
"632","17713.P2","PND21","EtOH[100mM]","100mM",138.09930054629,"NMDAr",15,3,3,1.06473804508582
"633","17713.P2","PND21","EtOH[100mM]","100mM",112.057635116536,"NMDAr",16,4,4,0.863958230627884
"634","17713.P2","PND21","EtOH[100mM]","100mM",118.924089868522,"NMDAr",16,5,5,0.916898220768162
"635","17713.P2","PND21","EtOH[100mM]","100mM",117.078503088623,"NMDAr",16,6,6,0.902668847756911
"636","17713.P2","PND21","EtOH[100mM]","100mM",128.696980494364,"NMDAr",16,7,7,0.992246672343473
"637","17713.P2","PND21","EtOH[100mM]","100mM",108.63530687507,"NMDAr",17,8,8,0.837572267288127
"638","17713.P2","PND21","EtOH[100mM]","100mM",96.8569754962667,"NMDAr",17,9,9,0.746761977322636
"639","17713.P2","PND21","EtOH[100mM]","100mM",106.31742426567,"NMDAr",17,10,10,0.819701519293688
"640","17713.P2","PND21","EtOH[100mM]","100mM",109.347383664165,"NMDAr",17,11,11,0.843062340339712
"641","17713.P2","PND21","EtOH[100mM]","100mM",106.084909395761,"NMDAr",18,12,12,0.817908842378881
"642","17713.P2","PND21","EtOH[100mM]","100mM",93.0059479634069,"NMDAr",18,13,13,0.717070765921211
"643","17713.P2","PND21","EtOH[100mM]","100mM",110.284709233484,"NMDAr",18,14,14,0.850289069152514
"644","17713.P2","PND21","EtOH[100mM]","100mM",105.808797987745,"NMDAr",18,15,15,0.815780038542556
"645","17818.P1","PND14","EtOH[100mM]","Control",147.487088418846,"NMDAr",5,-32,-32,1.20086612868874
"646","17818.P1","PND14","EtOH[100mM]","Control",171.741295786179,"NMDAr",5,-31,-31,1.39834820266465
"647","17818.P1","PND14","EtOH[100mM]","Control",160.435260236877,"NMDAr",5,-30,-30,1.3062924485884
"648","17818.P1","PND14","EtOH[100mM]","Control",166.945676594315,"NMDAr",5,-29,-29,1.35930141751662
"649","17818.P1","PND14","EtOH[100mM]","Control",157.347172120904,"NMDAr",6,-28,-28,1.2811486854249
"650","17818.P1","PND14","EtOH[100mM]","Control",140.438981424744,"NMDAr",6,-27,-27,1.14347918688028
"651","17818.P1","PND14","EtOH[100mM]","Control",173.288972889007,"NMDAr",6,-26,-26,1.41094966514424
"652","17818.P1","PND14","EtOH[100mM]","Control",194.142650283927,"NMDAr",6,-25,-25,1.58074401874246
"653","17818.P1","PND14","EtOH[100mM]","Control",113.060355493017,"NMDAr",7,-24,-24,0.920557540762482
"654","17818.P1","PND14","EtOH[100mM]","Control",156.075606426092,"NMDAr",7,-23,-23,1.27079537118111
"655","17818.P1","PND14","EtOH[100mM]","Control",124.875017320243,"NMDAr",7,-22,-22,1.01675462053624
"656","17818.P1","PND14","EtOH[100mM]","Control",131.894059955606,"NMDAr",7,-21,-21,1.07390491516198
"657","17818.P1","PND14","EtOH[100mM]","Control",162.673215859746,"NMDAr",8,-20,-20,1.32451428165747
"658","17818.P1","PND14","EtOH[100mM]","Control",135.752353578151,"NMDAr",8,-19,-19,1.10531982866744
"659","17818.P1","PND14","EtOH[100mM]","Control",149.783172759193,"NMDAr",8,-18,-18,1.21956125612325
"660","17818.P1","PND14","EtOH[100mM]","Control",121.234706388238,"NMDAr",8,-17,-17,0.987114560901154
"661","17818.P1","PND14","EtOH[100mM]","Control",167.817607356472,"NMDAr",9,-16,-16,1.36640083299808
"662","17818.P1","PND14","EtOH[100mM]","Control",106.121239844184,"NMDAr",9,-15,-15,0.864058025889201
"663","17818.P1","PND14","EtOH[100mM]","Control",143.352683388285,"NMDAr",9,-14,-14,1.16720306694748
"664","17818.P1","PND14","EtOH[100mM]","Control",123.705176881016,"NMDAr",9,-13,-13,1.00722957143195
"665","17818.P1","PND14","EtOH[100mM]","Control",125.093000010782,"NMDAr",10,-12,-12,1.01852947440661
"666","17818.P1","PND14","EtOH[100mM]","Control",117.049438729884,"NMDAr",10,-11,-11,0.953037366590147
"667","17818.P1","PND14","EtOH[100mM]","Control",141.33997654564,"NMDAr",10,-10,-10,1.15081524954446
"668","17818.P1","PND14","EtOH[100mM]","Control",100.780663925973,"NMDAr",10,-9,-9,0.820574106065268
"669","17818.P1","PND14","EtOH[100mM]","Control",161.525173689573,"NMDAr",11,-8,-8,1.31516671794022
"670","17818.P1","PND14","EtOH[100mM]","Control",153.067445296651,"NMDAr",11,-7,-7,1.24630238777008
"671","17818.P1","PND14","EtOH[100mM]","Control",120.391839984819,"NMDAr",11,-6,-6,0.980251792602406
"672","17818.P1","PND14","EtOH[100mM]","Control",121.983113625756,"NMDAr",11,-5,-5,0.993208225856073
"673","17818.P1","PND14","EtOH[100mM]","Control",109.267456677634,"NMDAr",12,-4,-4,0.889675083418134
"674","17818.P1","PND14","EtOH[100mM]","Control",116.991310012407,"NMDAr",12,-3,-3,0.952564072224718
"675","17818.P1","PND14","EtOH[100mM]","Control",127.694260117884,"NMDAr",12,-2,-2,1.03970939725963
"676","17818.P1","PND14","EtOH[100mM]","Control",138.150163174082,"NMDAr",12,-1,-1,1.12484322124145
"677","17818.P1","PND14","EtOH[100mM]","100mM",136.151988510806,"NMDAr",13,0,0,1.10857372742977
"678","17818.P1","PND14","EtOH[100mM]","100mM",109.790615134928,"NMDAr",13,1,1,0.893934732707008
"679","17818.P1","PND14","EtOH[100mM]","100mM",115.763340855703,"NMDAr",13,2,2,0.942565728755
"680","17818.P1","PND14","EtOH[100mM]","100mM",146.012072212864,"NMDAr",13,3,3,1.18885628416594
"681","17818.P1","PND14","EtOH[100mM]","100mM",122.724254773589,"NMDAr",14,4,4,0.999242729015309
"682","17818.P1","PND14","EtOH[100mM]","100mM",133.986693784783,"NMDAr",14,5,5,1.09094351231749
"683","17818.P1","PND14","EtOH[100mM]","100mM",120.47176697135,"NMDAr",14,6,6,0.980902572354873
"684","17818.P1","PND14","EtOH[100mM]","100mM",131.668811175383,"NMDAr",14,7,7,1.07207089949595
"685","17818.P1","PND14","EtOH[100mM]","100mM",140.206466554836,"NMDAr",15,8,8,1.14158600941856
"686","17818.P1","PND14","EtOH[100mM]","100mM",141.979392437888,"NMDAr",15,9,9,1.15602148756419
"687","17818.P1","PND14","EtOH[100mM]","100mM",142.807726661937,"NMDAr",15,10,10,1.16276593227157
"688","17818.P1","PND14","EtOH[100mM]","100mM",150.378992113334,"NMDAr",15,11,11,1.22441252336891
"689","17818.P1","PND14","EtOH[100mM]","100mM",144.246412419496,"NMDAr",16,12,12,1.17447996781598
"690","17818.P1","PND14","EtOH[100mM]","100mM",177.336184843352,"NMDAr",16,13,13,1.44390278533734
"691","17818.P1","PND14","EtOH[100mM]","100mM",145.459849396831,"NMDAr",16,14,14,1.18435998769434
"692","17818.P1","PND14","EtOH[100mM]","100mM",138.39721022336,"NMDAr",16,15,15,1.12685472229453
"693","17818.P2","PND14","EtOH[100mM]","Control",217.968158359866,"NMDAr",5,-44,-44,0.823957898437672
"694","17818.P2","PND14","EtOH[100mM]","Control",142.894919738153,"NMDAr",5,-43,-43,0.540167878881099
"695","17818.P2","PND14","EtOH[100mM]","Control",216.449545615776,"NMDAr",5,-42,-42,0.818217275703708
"696","17818.P2","PND14","EtOH[100mM]","Control",173.390698144592,"NMDAr",5,-41,-41,0.655447274165549
"697","17818.P2","PND14","EtOH[100mM]","Control",195.087241942931,"NMDAr",6,-40,-40,0.737464018106309
"698","17818.P2","PND14","EtOH[100mM]","Control",203.225262389729,"NMDAr",6,-39,-39,0.768227163857699
"699","17818.P2","PND14","EtOH[100mM]","Control",184.718531962948,"NMDAr",6,-38,-38,0.698268474367708
"700","17818.P2","PND14","EtOH[100mM]","Control",268.554674744337,"NMDAr",6,-37,-37,1.01518380979586
"701","17818.P2","PND14","EtOH[100mM]","Control",287.766215870529,"NMDAr",7,-36,-36,1.08780680744468
"702","17818.P2","PND14","EtOH[100mM]","Control",272.747208492375,"NMDAr",7,-35,-35,1.03103232327671
"703","17818.P2","PND14","EtOH[100mM]","Control",256.689150289318,"NMDAr",7,-34,-34,0.970330044606559
"704","17818.P2","PND14","EtOH[100mM]","Control",289.124974641557,"NMDAr",7,-33,-33,1.09294315410139
"705","17818.P2","PND14","EtOH[100mM]","Control",273.611873164848,"NMDAr",8,-32,-32,1.0343009075128
"706","17818.P2","PND14","EtOH[100mM]","Control",248.529331573466,"NMDAr",8,-31,-31,0.939484497571907
"707","17818.P2","PND14","EtOH[100mM]","Control",278.952449083059,"NMDAr",8,-30,-30,1.05448922191215
"708","17818.P2","PND14","EtOH[100mM]","Control",276.692695191135,"NMDAr",8,-29,-29,1.04594695554725
"709","17818.P2","PND14","EtOH[100mM]","Control",338.178346102569,"NMDAr",9,-28,-28,1.27837350853677
"710","17818.P2","PND14","EtOH[100mM]","Control",344.841350343385,"NMDAr",9,-27,-27,1.30356083412072
"711","17818.P2","PND14","EtOH[100mM]","Control",268.205902439475,"NMDAr",9,-26,-26,1.01386538926366
"712","17818.P2","PND14","EtOH[100mM]","Control",226.28783104878,"NMDAr",9,-25,-25,0.855407721549584
"713","17818.P2","PND14","EtOH[100mM]","Control",178.09912426024,"NMDAr",10,-24,-24,0.673245951350283
"714","17818.P2","PND14","EtOH[100mM]","Control",240.376778947299,"NMDAr",10,-23,-23,0.908666417631676
"715","17818.P2","PND14","EtOH[100mM]","Control",192.15900780002,"NMDAr",10,-22,-22,0.726394779054691
"716","17818.P2","PND14","EtOH[100mM]","Control",293.244847492748,"NMDAr",10,-21,-21,1.10851699663803
"717","17818.P2","PND14","EtOH[100mM]","Control",232.543934267256,"NMDAr",11,-20,-20,0.879056889845964
"718","17818.P2","PND14","EtOH[100mM]","Control",231.054385881905,"NMDAr",11,-19,-19,0.873426135489685
"719","17818.P2","PND14","EtOH[100mM]","Control",251.312243922684,"NMDAr",11,-18,-18,0.950004394735107
"720","17818.P2","PND14","EtOH[100mM]","Control",227.072568734721,"NMDAr",11,-17,-17,0.858374167747038
"721","17818.P2","PND14","EtOH[100mM]","Control",230.167922940378,"NMDAr",12,-16,-16,0.870075149970334
"722","17818.P2","PND14","EtOH[100mM]","Control",221.019916027415,"NMDAr",12,-15,-15,0.835494078094442
"723","17818.P2","PND14","EtOH[100mM]","Control",228.358666608902,"NMDAr",12,-14,-14,0.863235843459533
"724","17818.P2","PND14","EtOH[100mM]","Control",223.75196574884,"NMDAr",12,-13,-13,0.845821705596694
"725","17818.P2","PND14","EtOH[100mM]","Control",253.855375312308,"NMDAr",13,-12,-12,0.959617877782415
"726","17818.P2","PND14","EtOH[100mM]","Control",274.447473478581,"NMDAr",13,-11,-11,1.0374596233712
"727","17818.P2","PND14","EtOH[100mM]","Control",219.501303283325,"NMDAr",13,-10,-10,0.829753455360478
"728","17818.P2","PND14","EtOH[100mM]","Control",230.015335057001,"NMDAr",13,-9,-9,0.869498340987497
"729","17818.P2","PND14","EtOH[100mM]","Control",254.538387742665,"NMDAr",14,-8,-8,0.96219978465798
"730","17818.P2","PND14","EtOH[100mM]","Control",209.045400227126,"NMDAr",14,-7,-7,0.790228306488825
"731","17818.P2","PND14","EtOH[100mM]","Control",221.593937112502,"NMDAr",14,-6,-6,0.837663978553694
"732","17818.P2","PND14","EtOH[100mM]","Control",255.635567285046,"NMDAr",14,-5,-5,0.966347315915534
"733","17818.P2","PND14","EtOH[100mM]","Control",261.862606144783,"NMDAr",15,-4,-4,0.98988661583423
"734","17818.P2","PND14","EtOH[100mM]","Control",273.0669164385,"NMDAr",15,-3,-3,1.03224087543123
"735","17818.P2","PND14","EtOH[100mM]","Control",310.574471390617,"NMDAr",15,-2,-2,1.17402601683183
"736","17818.P2","PND14","EtOH[100mM]","Control",221.550340574394,"NMDAr",15,-1,-1,0.837499175987168
"737","17818.P2","PND14","EtOH[100mM]","100mM",298.825204370553,"NMDAr",16,0,0,1.12961172515327
"738","17818.P2","PND14","EtOH[100mM]","100mM",237.288690831326,"NMDAr",16,1,1,0.896992902502799
"739","17818.P2","PND14","EtOH[100mM]","100mM",291.624509493073,"NMDAr",16,2,2,1.10239183458217
"740","17818.P2","PND14","EtOH[100mM]","100mM",235.508498858589,"NMDAr",16,3,3,0.890263464369683
"741","17818.P2","PND14","EtOH[100mM]","100mM",201.684851376585,"NMDAr",17,4,4,0.762404139840471
"742","17818.P2","PND14","EtOH[100mM]","100mM",265.953414637236,"NMDAr",17,5,5,1.00535058999319
"743","17818.P2","PND14","EtOH[100mM]","100mM",243.944428982458,"NMDAr",17,6,6,0.922152760992331
"744","17818.P2","PND14","EtOH[100mM]","100mM",280.180418239763,"NMDAr",17,7,7,1.05913116086928
"745","17818.P2","PND14","EtOH[100mM]","100mM",255.526575939776,"NMDAr",18,8,8,0.96593530949922
"746","17818.P2","PND14","EtOH[100mM]","100mM",225.219715865137,"NMDAr",18,9,9,0.851370058669711
"747","17818.P2","PND14","EtOH[100mM]","100mM",243.784575009396,"NMDAr",18,10,10,0.921548484915072
"748","17818.P2","PND14","EtOH[100mM]","100mM",181.652242116029,"NMDAr",18,11,11,0.686677360522093
"749","17818.P2","PND14","EtOH[100mM]","100mM",286.996010363957,"NMDAr",19,12,12,1.08489529543607
"750","17818.P2","PND14","EtOH[100mM]","100mM",212.031763087514,"NMDAr",19,13,13,0.80151728229581
"751","17818.P2","PND14","EtOH[100mM]","100mM",251.726411034708,"NMDAr",19,14,14,0.951570019117095
"752","17818.P2","PND14","EtOH[100mM]","100mM",232.899972661803,"NMDAr",19,15,15,0.880402777472586
"753","17818.P2","PND14","EtOH[100mM]","100mM",233.939023486707,"NMDAr",20,16,16,0.884330571974774
"754","17818.P2","PND14","EtOH[100mM]","100mM",206.386011402548,"NMDAr",20,17,17,0.780175349930784
"755","17818.P2","PND14","EtOH[100mM]","100mM",248.013439205857,"NMDAr",20,18,18,0.937534333868026
"756","17818.P2","PND14","EtOH[100mM]","100mM",218.273334126621,"NMDAr",20,19,19,0.82511151640335
